feature_set	gene
classic_markers	CD3D
classic_markers	CD3E
classic_markers	CD2
classic_markers	TRAC
classic_markers	IL7R
classic_markers	CCR7
classic_markers	LTB
classic_markers	CD8A
classic_markers	CD8B
classic_markers	GZMA
classic_markers	GZMB
classic_markers	GZMK
classic_markers	NKG7
classic_markers	GNLY
classic_markers	PRF1
classic_markers	MS4A1
classic_markers	CD79A
classic_markers	CD79B
classic_markers	CD74
classic_markers	MZB1
classic_markers	JCHAIN
classic_markers	IGHG1
classic_markers	LYZ
classic_markers	LST1
classic_markers	S100A8
classic_markers	S100A9
classic_markers	CST3
classic_markers	AIF1
classic_markers	FCGR3A
classic_markers	CD68
classic_markers	C1QA
classic_markers	C1QB
classic_markers	C1QC
classic_markers	MRC1
classic_markers	FCER1G
classic_markers	EPCAM
classic_markers	KRT8
classic_markers	KRT18
classic_markers	KRT19
classic_markers	MUC1
classic_markers	PECAM1
classic_markers	VWF
classic_markers	ENG
classic_markers	KDR
classic_markers	COL1A1
classic_markers	COL1A2
classic_markers	DCN
classic_markers	LUM
classic_markers	ACTA2
classic_markers	RGS5
classic_markers	MKI67
classic_markers	TOP2A
classic_markers	STMN1
classic_markers	TPSAB1
classic_markers	CPA3
classic_markers	IRF7
leiden_top_markers	LTB
leiden_top_markers	EEF1A1
leiden_top_markers	LDHB
leiden_top_markers	TPT1
leiden_top_markers	CCL5
leiden_top_markers	CD8A
leiden_top_markers	IL32
leiden_top_markers	NKG7
leiden_top_markers	SAT1
leiden_top_markers	PLAUR
leiden_top_markers	FTH1
leiden_top_markers	NAMPT
leiden_top_markers	CTSW
leiden_top_markers	CD7
leiden_top_markers	XCL1
leiden_top_markers	HLA-DRA
leiden_top_markers	CD74
leiden_top_markers	HLA-DPB1
leiden_top_markers	FTL
leiden_top_markers	LYZ
leiden_top_markers	S100A8
leiden_top_markers	IER2
leiden_top_markers	CTSS
leiden_top_markers	CD8B
leiden_top_markers	EEF1B2
leiden_top_markers	ACTG1
leiden_top_markers	GAPDH
leiden_top_markers	ACTB
leiden_top_markers	PPIA
leiden_top_markers	CALD1
leiden_top_markers	COL1A2
leiden_top_markers	SPARC
leiden_top_markers	COL3A1
leiden_top_markers	GNG11
leiden_top_markers	IGFBP7
leiden_top_markers	IFI27
leiden_top_markers	TPSAB1
leiden_top_markers	CPA3
leiden_top_markers	TPSB2
leiden_top_markers	MS4A2
leiden_top_markers	IRF7
leiden_top_markers	SERPINF1
leiden_top_markers	GZMB
leiden_top_markers	IRF8
leiden_top_markers	TNFAIP3
leiden_top_markers	JUNB
leiden_top_markers	SPOCK2
leiden_top_markers	RGS1
leiden_top_markers	DUSP2
leiden_top_markers	NR4A2
leiden_top_markers	CD69
leiden_top_markers	CTSB
leiden_top_markers	PSAP
leiden_top_markers	CD68
leiden_top_markers	CST3
leiden_top_markers	AIF1
leiden_top_markers	TYROBP
leiden_top_markers	CST7
leiden_top_markers	CCL4
leiden_top_markers	JCHAIN
leiden_top_markers	SSR4
leiden_top_markers	MZB1
leiden_top_markers	DERL3
leiden_top_markers	CD79A
leiden_top_markers	MS4A1
leiden_top_markers	CD37
leiden_top_markers	PRF1
leiden_top_markers	FGFBP2
global_annotation_top_markers	CD79A
global_annotation_top_markers	MS4A1
global_annotation_top_markers	CD37
global_annotation_top_markers	CD74
global_annotation_top_markers	HLA-DRA
global_annotation_top_markers	IRF7
global_annotation_top_markers	SERPINF1
global_annotation_top_markers	GZMB
global_annotation_top_markers	IRF8
global_annotation_top_markers	PLD4
global_annotation_top_markers	JCHAIN
global_annotation_top_markers	SSR4
global_annotation_top_markers	MZB1
global_annotation_top_markers	DERL3
global_annotation_top_markers	IGHA1
global_annotation_top_markers	GNG11
global_annotation_top_markers	IGFBP7
global_annotation_top_markers	SPARC
global_annotation_top_markers	IFI27
global_annotation_top_markers	EGFL7
global_annotation_top_markers	CALD1
global_annotation_top_markers	COL1A2
global_annotation_top_markers	COL3A1
global_annotation_top_markers	LYZ
global_annotation_top_markers	CST3
global_annotation_top_markers	S100A8
global_annotation_top_markers	AIF1
global_annotation_top_markers	IER2
global_annotation_top_markers	TPSAB1
global_annotation_top_markers	CPA3
global_annotation_top_markers	TPSB2
global_annotation_top_markers	MS4A2
global_annotation_top_markers	CLU
global_annotation_top_markers	CTSB
global_annotation_top_markers	FTL
global_annotation_top_markers	PSAP
global_annotation_top_markers	CD68
global_annotation_top_markers	CTSL
global_annotation_top_markers	SAT1
global_annotation_top_markers	PLAUR
global_annotation_top_markers	FTH1
global_annotation_top_markers	NAMPT
global_annotation_top_markers	HLA-DPB1
global_annotation_top_markers	TMSB4X
global_annotation_top_markers	LTB
global_annotation_top_markers	EEF1A1
global_annotation_top_markers	LDHB
global_annotation_top_markers	TPT1
global_annotation_top_markers	TNFAIP3
global_annotation_top_markers	JUNB
global_annotation_top_markers	SPOCK2
global_annotation_top_markers	RGS1
global_annotation_top_markers	BTG1
global_annotation_top_markers	CCL5
global_annotation_top_markers	CD8A
global_annotation_top_markers	IL32
global_annotation_top_markers	NKG7
global_annotation_top_markers	GZMA
global_annotation_top_markers	DUSP2
global_annotation_top_markers	NR4A2
global_annotation_top_markers	CD69
global_annotation_top_markers	CD8B
global_annotation_top_markers	EEF1B2
global_annotation_top_markers	ACTG1
global_annotation_top_markers	GAPDH
global_annotation_top_markers	ACTB
global_annotation_top_markers	PPIA
global_annotation_top_markers	PTMA
global_annotation_top_markers	PRF1
global_annotation_top_markers	FGFBP2
global_annotation_top_markers	CTSW
global_annotation_top_markers	CST7
global_annotation_top_markers	CCL4
global_annotation_top_markers	GNLY
global_annotation_top_markers	CD7
correlation_features	CD3D
correlation_features	CD3E
correlation_features	CD2
correlation_features	TRAC
correlation_features	IL7R
correlation_features	CCR7
correlation_features	LTB
correlation_features	CD8A
correlation_features	CD8B
correlation_features	GZMA
correlation_features	GZMB
correlation_features	GZMK
correlation_features	NKG7
correlation_features	GNLY
correlation_features	PRF1
correlation_features	MS4A1
correlation_features	CD79A
correlation_features	CD79B
correlation_features	CD74
correlation_features	MZB1
correlation_features	JCHAIN
correlation_features	IGHG1
correlation_features	LYZ
correlation_features	LST1
correlation_features	S100A8
correlation_features	S100A9
correlation_features	CST3
correlation_features	AIF1
correlation_features	FCGR3A
correlation_features	CD68
correlation_features	C1QA
correlation_features	C1QB
correlation_features	C1QC
correlation_features	MRC1
correlation_features	FCER1G
correlation_features	EPCAM
correlation_features	KRT8
correlation_features	KRT18
correlation_features	KRT19
correlation_features	MUC1
correlation_features	PECAM1
correlation_features	VWF
correlation_features	ENG
correlation_features	KDR
correlation_features	COL1A1
correlation_features	COL1A2
correlation_features	DCN
correlation_features	LUM
correlation_features	ACTA2
correlation_features	RGS5
correlation_features	MKI67
correlation_features	TOP2A
correlation_features	STMN1
correlation_features	TPSAB1
correlation_features	CPA3
correlation_features	IRF7
correlation_features	CD37
correlation_features	HLA-DRA
correlation_features	SERPINF1
correlation_features	IRF8
correlation_features	PLD4
correlation_features	SSR4
correlation_features	DERL3
correlation_features	IGHA1
correlation_features	GNG11
correlation_features	IGFBP7
correlation_features	SPARC
correlation_features	IFI27
correlation_features	EGFL7
correlation_features	CALD1
correlation_features	COL3A1
correlation_features	IER2
correlation_features	TPSB2
correlation_features	MS4A2
correlation_features	CLU
correlation_features	CTSB
correlation_features	FTL
correlation_features	PSAP
correlation_features	CTSL
correlation_features	SAT1
correlation_features	PLAUR
correlation_features	FTH1
correlation_features	NAMPT
correlation_features	HLA-DPB1
correlation_features	TMSB4X
correlation_features	EEF1A1
correlation_features	LDHB
correlation_features	TPT1
correlation_features	TNFAIP3
correlation_features	JUNB
correlation_features	SPOCK2
correlation_features	RGS1
correlation_features	BTG1
correlation_features	CCL5
correlation_features	IL32
correlation_features	DUSP2
correlation_features	NR4A2
correlation_features	CD69
correlation_features	EEF1B2
correlation_features	ACTG1
correlation_features	GAPDH
correlation_features	ACTB
correlation_features	PPIA
correlation_features	PTMA
correlation_features	FGFBP2
correlation_features	CTSW
correlation_features	CST7
correlation_features	CCL4
correlation_features	CD7
correlation_features	XCL1
correlation_features	CTSS
correlation_features	TYROBP
