query_group	B cell_C2	B cell_C3	CD4_C0	CD4_C1	CD4_C2	CD4_C3	CD4_C4	CD4_C5	CD4_C6	CD8_C0	CD8_C1	CD8_C2	CD8_C3	CD8_C4	CD8_C5	CD8_C6	CD8_C7	CD8_C8	CD8_C9	Classical Mono_C1	Classical Mono_C2	DC_C13	DC1_C14	DC2_C5	DNT	Endothelial_C0	Endothelial_C13	Endothelial_C4	Endothelial_C7	Fibroblast_C1	Fibroblast_C15	Fibroblast_C2	Fibroblast_C6	Fibroblast_C9	gdT	Mast	Mesothelial_C12	Mesothelial_C8	NK_C1	NK_C2	NK_C3	NK_C4	NK_C6	NK_C7	NKT	Non-classical Mono_C6	pDCs	Plasma_C0	Plasma_C1	Plasma_C4	Proliferating DC_C9	Proliferative B cell	Proliferative CD4 T cell	Proliferative CD8 T cell	Proliferative NK cell	Proliferative plasma cell	TAM_C0	TAM_C3	TAM_C4	TAM_C7	VSMC_C14	VSMC_C3
B/Plasma | ref:B cell_C3	0.99831501100526	0.99919717932166	0.7913227458614	0.79601623535172	0.80648769594136	0.82527950336377	0.77665470766404	0.78078464879874	0.81834881814908	0.74121885121701	0.72920354672103	0.71436332255607	0.75834712068147	0.73483930538571	0.72953917796753	0.70714107296523	0.76033767578731	0.69382577707793	0.76342610947087	0.71755511937421	0.72784880607003	0.84277297033136	0.82562646875896	0.79796153243973	0.80773461552145	0.69424786461149	0.66720751684623	0.68395095498286	0.59678335665954	0.53689493273484	0.56695567678747	0.58268212939075	0.6702478963504	0.59485536287893	0.71859520422987	0.71105916526136	0.60052911739919	0.71396489206656	0.63497115739709	0.66666073062772	0.69623205537727	0.64960558215906	0.70933819720078	0.68366779450209	0.70689181420917	0.75466601525183	0.80126673841271	0.67028357251754	0.63856311611809	0.66978181228131	0.74047069431357	0.84237556038846	0.81329463858876	0.72040821312335	0.68214862100452	0.74735255671904	0.69159955283729	0.73221791814942	0.71587183765943	0.71474330781951	0.57326427959802	0.56537688391854
B/Plasma | ref:pDCs	0.80482420014366	0.78942297528051	0.7021797138432	0.71165857809575	0.68482239268139	0.71878439120365	0.70815157314735	0.68999339968741	0.69870500785464	0.68786024566727	0.66695689219189	0.68253813759197	0.6912434847878	0.65830668614589	0.6721069002865	0.67194979493502	0.71657859997778	0.67282253436878	0.70449037868571	0.77750630877209	0.78105797788193	0.83173587670979	0.85413371302502	0.85368292421556	0.77655415875093	0.67954916935529	0.63937981640844	0.66515956623766	0.593709640236	0.57851537443008	0.57779026760831	0.57421605394929	0.67893034877122	0.6026580700891	0.68743310200076	0.70480202230399	0.59775828085709	0.73376832740603	0.67906135751056	0.66773331202045	0.69764132330597	0.68181479915227	0.71774882543272	0.67763083562284	0.68184524790352	0.80223973838881	0.99852825114611	0.64424918765837	0.63754287340607	0.64659550702561	0.81367865117967	0.79203795551354	0.73484439219539	0.69965308612093	0.70685586388281	0.71874009718316	0.76668278820851	0.77050314396289	0.79614920394875	0.79101884324	0.56733594546283	0.56602817159938
B/Plasma | ref:Plasma_C0	0.68035894935355	0.65089350151507	0.56795863630423	0.56854944223627	0.5620330770169	0.56624501574205	0.54626459780501	0.54916749081491	0.5735183549864	0.5131350239188	0.51988664604316	0.49239148322189	0.54379545646744	0.512169937483	0.51429184467674	0.49474789122581	0.52641889077096	0.48211214667529	0.5132745119192	0.51081949900474	0.51611536827073	0.57444332953437	0.54003886199278	0.53404198825262	0.59132935484938	0.51936988400681	0.52166023943087	0.52562222210943	0.4810072959812	0.44848944075737	0.45566814419726	0.47686563515167	0.54969638638873	0.48104018430773	0.51069226117283	0.55818622626687	0.48273602178995	0.56344569668119	0.46940420130729	0.47368458162529	0.49238745918143	0.46920254939735	0.50642671149251	0.48888856337733	0.49934129176131	0.51748161184258	0.63658368457308	0.98638720879815	0.9858441901506	0.97407908630112	0.52187103663772	0.63681198366595	0.57381759240014	0.56082379863506	0.49375936615522	0.93625508760052	0.49118681105266	0.50653161128411	0.51469417291756	0.51572460438794	0.49018367697666	0.45893614387906
Endothelial/Fibroblast | ref:Endothelial_C0	0.68789666499351	0.666788769884	0.68717663267968	0.69485162822925	0.65910104015557	0.69055711592716	0.67146512732968	0.64928408650276	0.67401091675381	0.62826339771284	0.60154638692541	0.61370892831959	0.66043843786792	0.59688263158912	0.60697292125081	0.58773950299322	0.63712065438206	0.5860303516929	0.66777850545871	0.66470942597171	0.67773869400095	0.73068007404461	0.71649061610306	0.70885345917156	0.70903553880104	0.98395747581538	0.94381778573453	0.97744689120051	0.96712649535784	0.7271902388958	0.76136919065016	0.79200609935651	0.81318471658845	0.79507521921062	0.62193374130093	0.63861755194908	0.89972900890513	0.83847543570815	0.59231228110336	0.57259280458031	0.59540082621521	0.58715926078635	0.61574129149532	0.58652805180071	0.61536245263729	0.67273119272266	0.66661821852784	0.51655812204557	0.50498668291699	0.52706915355011	0.70096779440426	0.79825288285233	0.72055989817035	0.64397504960306	0.63601644007782	0.6302019677037	0.66333161521526	0.65288484969305	0.67688681879185	0.68674422751217	0.8004483410532	0.81257474285077
Endothelial/Fibroblast | ref:VSMC_C3	0.61151876585895	0.59068406644299	0.65523475993071	0.65820306307112	0.62893030557519	0.64120246053529	0.62910301640277	0.6111863089647	0.63866926133061	0.57316122077095	0.55801068278449	0.55678731031554	0.62406194389347	0.55106031475452	0.57421706381512	0.54484828596715	0.58748189267552	0.53724188262005	0.59368612396328	0.62071947958275	0.62756986587506	0.66374860677495	0.65433725321081	0.6493149356216	0.65699773180083	0.77524437891647	0.90110077160466	0.78759600314046	0.79293476832691	0.93401261878752	0.96739066872567	0.97866808894479	0.9445730669566	0.96838463816635	0.57735520987376	0.61405593003891	0.92206515863234	0.8986847115918	0.55676208239639	0.54200100772139	0.55660622943863	0.54712156436557	0.579251622566	0.54823061921353	0.57071417491154	0.62150509882332	0.61295204669165	0.48406902100231	0.4707065887746	0.48212086979608	0.63787887041942	0.71025938743917	0.64762930568378	0.57899287465577	0.58539532708793	0.57324450554546	0.61090236555989	0.60877331205801	0.61828293566216	0.64041719013746	0.95647758887402	0.97815902060585
Myeloid/TAM | ref:Classical Mono_C1	0.74440429607192	0.7285147631635	0.66041331592293	0.66975793355593	0.65523740152007	0.68546292399268	0.67139246960571	0.65002941747819	0.66115541537914	0.64672023364671	0.62070368247854	0.63650839924808	0.64330756817996	0.62678508201609	0.62938568470702	0.62827592081478	0.6488726932502	0.61340256951573	0.66297697162248	0.99240748186008	0.99349720074582	0.88340783559118	0.88990786520273	0.96743619163924	0.73370766507462	0.68937742576363	0.65803467440667	0.68981645318374	0.61702422543371	0.58629120842065	0.60009419945471	0.58986515980619	0.67525788503793	0.61946668738119	0.64867826934739	0.72110271709214	0.60340718386899	0.78058489238172	0.64304000718231	0.63718097482132	0.66240048325729	0.64228903746635	0.66642332654003	0.63020184446441	0.64147023758312	0.95982349299873	0.80885125693132	0.51364487466824	0.49474354165525	0.52952466844947	0.96131519334492	0.79155834648657	0.69832831239656	0.63362235384326	0.65683489196979	0.61070327884183	0.96460173810906	0.968859041526	0.959277352694	0.98305128175437	0.58759269759311	0.58698033645943
Myeloid/TAM | ref:Mast	0.70954400799906	0.70396503201908	0.70474268617749	0.70733190794552	0.7504602493535	0.72835111943651	0.7126157554196	0.72981955999421	0.73968384002628	0.6702168224765	0.696471984766	0.6547320781775	0.68774447626516	0.70444810266408	0.71114944809141	0.69441340997783	0.70227382918646	0.66296368781625	0.65576428944782	0.71743217070119	0.72765857257869	0.75523357637966	0.70111196586415	0.72570386341853	0.73106309770806	0.61333425170214	0.63549209403148	0.65348917636632	0.59681562258374	0.58839088877863	0.59708906519036	0.60038647124974	0.64515574009477	0.62136892245858	0.68428635291181	0.99956322837594	0.59265999005447	0.70996530601162	0.66459874803962	0.69520716892382	0.7080898899672	0.65036730269139	0.70175712351572	0.69839656688285	0.66960956213682	0.74554770129057	0.70292214266542	0.57223005006693	0.52203261531289	0.55012267003371	0.71610717585225	0.70302936521581	0.72590310344373	0.68201556540506	0.70290578436962	0.63980672789939	0.68962620092637	0.74422115709382	0.67996144611247	0.70998702575112	0.58888431749435	0.59641851937384
Myeloid/TAM | ref:TAM_C0	0.70033312117349	0.68502214405029	0.626122963631	0.63551875988764	0.62484394510292	0.65421128244784	0.63896438533613	0.62336779828515	0.63163092559402	0.60913284045166	0.58628831956791	0.59961978966208	0.60331988581642	0.58973340227581	0.59593236732543	0.59489832734197	0.61285636114629	0.58215000088789	0.62497803080357	0.9382799744865	0.96237733379218	0.85203476660315	0.83961399117745	0.93333812333341	0.69720813572234	0.67344580760358	0.64008274470067	0.67226443161112	0.60850470522042	0.57744019743142	0.5941459333236	0.57696297741822	0.66405804806083	0.61197453805718	0.61122779424705	0.69785995524908	0.59168669137943	0.74703822615031	0.61051844597993	0.60418613716345	0.62801153387413	0.60717411699111	0.625704643516	0.59928912413596	0.60615526284975	0.93348440507438	0.77462534414189	0.49234969893284	0.47741374488213	0.51011513408394	0.97988838710435	0.77344681012678	0.66953330095025	0.60327330743825	0.62478096825862	0.59077669268034	0.99989876344381	0.94662491692596	0.9896858153241	0.96551282319841	0.58311046185642	0.57546235312124
Myeloid/TAM | ref:TAM_C3	0.76504887247847	0.75720344108688	0.67272572597522	0.68407556559052	0.70922285414915	0.72294509263965	0.69557532842138	0.69731898035817	0.71065731530188	0.67291046775963	0.66901416236089	0.6569382884024	0.65955134731709	0.68025195522528	0.67820533811576	0.67319334282209	0.68295616741783	0.65280483170239	0.67473584257844	0.97393595692167	0.97572068496842	0.906287009508	0.89017806163866	0.95186011383413	0.74487617588541	0.67993303149629	0.65643472427441	0.67732481614345	0.60781403108778	0.57668875207103	0.60026975942504	0.58208968320382	0.66749207099695	0.61728929686243	0.67199289337784	0.75443056230997	0.59107771144011	0.76694417299103	0.6573697365353	0.6774797458808	0.69033776157322	0.65525140266096	0.68975550927523	0.66579315623244	0.66370387504564	0.97829608198569	0.81441553740116	0.5196872913667	0.48539831651557	0.5322314229759	0.9379976047798	0.77393623952219	0.72257350780563	0.65850838785419	0.67970997404558	0.61100280603268	0.93842193833532	0.99320834671532	0.92743632808857	0.95703359999981	0.5754136477864	0.57906872480858
Myeloid/TAM | ref:TAM_C4	0.78383919636144	0.76188500813381	0.68650741519816	0.69600358051554	0.65469110278687	0.69921104478347	0.68105537233536	0.65074114133039	0.66764423766894	0.64797451587937	0.60588001654434	0.63386326030536	0.66152260354295	0.60180495836597	0.62032442408738	0.60921913056918	0.646111291217	0.60163137847615	0.68615542836389	0.90423094095304	0.93420645908299	0.88801590543303	0.89119241412288	0.95258598862638	0.75669959874375	0.70322279131325	0.65888952845263	0.69150265664067	0.62465076031701	0.59083194545393	0.60650927543019	0.59595161884444	0.68682308745451	0.6235176909259	0.64675699926148	0.69947603123961	0.62466675924097	0.77967691090136	0.62626001122786	0.60501552904555	0.64395316298701	0.62947104254854	0.65645235418264	0.61477384004331	0.63616140085356	0.9116794133443	0.82955464951666	0.55472378001387	0.55853245999927	0.57308853794621	0.97840376111756	0.85675375450822	0.72750783443281	0.64812016305038	0.65496523163981	0.66868029858994	0.96595749707466	0.90576359811732	0.98859005322859	0.93847991729629	0.60554359010678	0.59410450540899
T/NK | ref:CD4_C1	0.80649435528874	0.78199566222833	0.98823981770697	0.99573243575802	0.94026312220106	0.9534842473189	0.96558823810569	0.92848601003625	0.93733653753985	0.88671668715009	0.84726285977377	0.85565849810957	0.96805269084242	0.83530479958427	0.89333118421014	0.81541472092536	0.90421903443616	0.80868030561049	0.91954941000618	0.66570870009224	0.68300256749013	0.79511591016919	0.72104990727857	0.71229559367151	0.95969666113137	0.69010037982761	0.68796402645578	0.69258295137784	0.67744816973859	0.59160469988705	0.65834882644778	0.65962554002204	0.67368584729125	0.66235916608514	0.89492198474422	0.70066495489363	0.65964325191571	0.73209213839583	0.750825266793	0.74996668477515	0.80140101968017	0.78228962838022	0.82186390603927	0.81405210702594	0.85739645174451	0.68713860858629	0.72747412167682	0.56661939538729	0.55700336908528	0.56219647599151	0.67243476878564	0.83270864845167	0.91381987761803	0.83520480016163	0.79369460465575	0.67301326978579	0.63679565306794	0.66099126989073	0.66184583422218	0.67782261821689	0.67179360290306	0.64542877079219
T/NK | ref:CD4_C2	0.80813611506612	0.80482014619973	0.93431146794538	0.95252385761719	0.99503852006791	0.9845506093756	0.96806885869617	0.99162291465995	0.98797235003864	0.90580636214575	0.92240853924643	0.88294644207398	0.92701562082843	0.92594227772941	0.94830913170931	0.89020642621769	0.93857409997099	0.88069208713395	0.89761103978904	0.65847453431778	0.6831227555346	0.80957221769454	0.70602088917432	0.7004130695845	0.93463873510947	0.66325023012424	0.67378060720159	0.6641311274956	0.63974294370275	0.56252889369553	0.63029219560279	0.62911427561735	0.65557714721454	0.64407764905585	0.90720552267979	0.74971896808643	0.61894152140262	0.70055478000365	0.76445367589465	0.81894543957448	0.84073263766613	0.79542466504142	0.84095055432229	0.87726689793221	0.87937799204286	0.69404552579473	0.70963555413557	0.57368704208466	0.51975477272026	0.56305460189798	0.66754412368857	0.78843202895674	0.93642633411675	0.87489149419577	0.83021181237257	0.66202425250657	0.63292026751256	0.70336856121737	0.63716254663411	0.65526993006047	0.62764750428531	0.62043404442087
T/NK | ref:CD8_C0	0.72330653724612	0.7079033871008	0.83427580442862	0.86534015662179	0.85625358485615	0.86172446265533	0.9491589685908	0.89254211859267	0.83284125584911	0.99221951541762	0.95941209163536	0.99021110522948	0.9313920546391	0.938732434422	0.95126734438899	0.95121100573262	0.97365541374068	0.95153091576734	0.96097367637003	0.63008777914045	0.6591554940786	0.74678458301928	0.68660413527176	0.67228171999733	0.95730017589388	0.62909067964547	0.60457529928122	0.61531982779879	0.58907044611688	0.5082474464476	0.56970090098368	0.56153012527263	0.58443470096231	0.56411773598553	0.98087385134923	0.6615227406891	0.57373919920548	0.6530535648424	0.88677618920329	0.89205607172565	0.92102503850876	0.92030416011366	0.90856131926745	0.93067028141318	0.98496517780113	0.64362235069928	0.69589478509552	0.50176655524278	0.48536864348287	0.50071171641312	0.64376715835168	0.78505910674413	0.8732522715186	0.94820758069272	0.9101105004565	0.60681123587949	0.60339671993476	0.63581878705522	0.62642296506732	0.62021755309633	0.56877777808305	0.55718037559305
T/NK | ref:CD8_C1	0.72889041755306	0.72970818229044	0.80285661728474	0.83370802090125	0.90074084865205	0.88044815155325	0.93498683816774	0.93219530948705	0.87553301400182	0.97599472883425	0.99846278635844	0.97918498080771	0.89312955412759	0.99216444481838	0.97708558644806	0.99007459033029	0.98205406407871	0.98366255184607	0.91557566575732	0.620389133441	0.6535487963846	0.7528968394929	0.66684355397139	0.65468548467347	0.92420501471336	0.60602117941925	0.60248381268362	0.59662308304882	0.56763258531688	0.49403665730555	0.55454043187013	0.55018891200694	0.57796384363476	0.56195946252215	0.96471549828368	0.70871309577244	0.55014400373327	0.63133682902979	0.87404911391968	0.92861898064952	0.93462735430602	0.90117666296714	0.91236626937106	0.96418848624217	0.97092133284227	0.64764458286814	0.68542111367836	0.52321460679163	0.47002539988365	0.51273221089971	0.63385051817174	0.74697655528436	0.88138388018994	0.95866270866227	0.92180175817746	0.60912931267276	0.59165161005539	0.66566679276268	0.59656654129118	0.59600940224082	0.54334934933231	0.54750073270309
T/NK | ref:CD8_C3	0.76234470980159	0.73592509352919	0.9638277825791	0.95502142521745	0.89327699970776	0.89648316505401	0.90725472644711	0.86773346023841	0.88821666919392	0.87215672469169	0.82990591760818	0.83999907281023	0.98646281263533	0.80858599291234	0.86964052550798	0.79506673960905	0.88940558644941	0.79314619666842	0.89532266474847	0.62562242406529	0.64145920497689	0.73894514960218	0.67517382003799	0.66615429857514	0.92313082893985	0.65139526928676	0.65803159649364	0.66004401876647	0.65250079491694	0.57287500564597	0.62803984689041	0.63683092995281	0.64162811399781	0.63302569154141	0.85385894602136	0.67185103930561	0.63496432973461	0.69666351798448	0.72729688234635	0.71825756423865	0.76600730575456	0.74871159290493	0.79264565198752	0.78163974086115	0.8413418894048	0.65181225963943	0.69158363974534	0.5450975829607	0.53851895103412	0.53520250103975	0.62603374851583	0.79063244601675	0.86200821685912	0.81758716682945	0.76041113241548	0.64205989732058	0.58865518136393	0.61384181566786	0.61406136312711	0.63595510796713	0.64748601967204	0.61922175980751
T/NK | ref:DNT	0.77534129376233	0.75908511776246	0.87853041636933	0.90172716688284	0.89485969046222	0.90758559039237	0.95012249100339	0.92375549912378	0.88832249632471	0.9487340549785	0.93449770105432	0.94907491886481	0.92381947974033	0.91761457314816	0.93416775660397	0.927118463845	0.95096875015502	0.92977746640824	0.94738063139174	0.68058603235008	0.7109584651737	0.80020652328372	0.73695219538093	0.72596785514598	0.97222215039093	0.69360397905056	0.67465900143528	0.68311970696264	0.66317153604014	0.57339752663349	0.63602669927018	0.6356538768966	0.65239081314454	0.63789005721573	0.94985048670672	0.73266078485261	0.6733797232026	0.72654815044345	0.86366215256492	0.87455064785571	0.90819877843811	0.88810254217032	0.89586926645737	0.92722109575839	0.94209922759463	0.69589082272826	0.74588285072853	0.55785998496099	0.53794861550785	0.56322379542777	0.72111655066625	0.88049624111862	0.9634137739623	0.97260215122596	0.94208112752817	0.71517192879169	0.65764933649384	0.69142545404355	0.67872672857646	0.68175569521596	0.63764751521004	0.63108091205571
T/NK | ref:NK_C1	0.64116037756994	0.623411332308	0.73247985721948	0.75707914597249	0.73967860922106	0.7541442935558	0.84497435135025	0.79072352560618	0.71953307990204	0.87420103119748	0.8598822569366	0.89163337747146	0.80729398870467	0.83548127612653	0.85249448809123	0.90625796117908	0.87143116835618	0.88566014298259	0.82948920541218	0.63130254103161	0.65255774348027	0.69297041843644	0.6458194569005	0.65358047127868	0.86878534097894	0.59505630657526	0.5816428048619	0.58886046738189	0.57889700468812	0.50644505390684	0.55169783522249	0.54994703027713	0.55986923367524	0.54473618095826	0.9192021077997	0.65056617072364	0.55803331389667	0.63307539400817	0.99004801166633	0.95234925529487	0.93219715240947	0.99185418972772	0.9405083250164	0.9258602257639	0.93584589195777	0.65465667394507	0.68859706898457	0.46757521782145	0.45660261140481	0.46664222033602	0.63304194884104	0.72678916721506	0.77401243083084	0.87748125680017	0.94542296407054	0.56651785150663	0.60348657184508	0.61763812947873	0.61827522794635	0.63071017642408	0.5520262654833	0.54760937985778
T/NK | ref:NK_C2	0.6759883765864	0.67475471526047	0.73807208011636	0.76479675750347	0.82171440302833	0.80063971995011	0.87523404392433	0.86028524869125	0.79363346096345	0.91649029781663	0.94581001503318	0.93052970679137	0.82253916483425	0.93894620657651	0.92271048522294	0.97928242820825	0.92564253733035	0.94627845594842	0.83968206664214	0.63563610536497	0.66393392067619	0.72316693997468	0.64584638715635	0.65108114135413	0.88032193052862	0.57956288606479	0.58478948616672	0.57712132985545	0.55792130605787	0.49451759993352	0.54075503110277	0.5437632049003	0.56082671665181	0.54850294625799	0.94569163891728	0.70855264010633	0.53882916691841	0.61837801524158	0.9676661343802	0.99638985226781	0.96985064557743	0.97260083234185	0.95581686619847	0.97568545773563	0.96102249661504	0.66732944596985	0.68192195392743	0.48886461159492	0.44099396444646	0.47712184280197	0.63931787935311	0.71309340485089	0.81364249383143	0.92077499254766	0.96449441484118	0.57269749962781	0.60454310833294	0.66558752949241	0.60363484192175	0.61130957513217	0.53320481198104	0.54129862237636
T/NK | ref:NK_C3	0.68946084622048	0.67246386222638	0.77956410109774	0.8046343685741	0.79415455520332	0.79653031792598	0.89508684376758	0.83066648492149	0.76977948193898	0.91675249633307	0.8982189921198	0.92501364728701	0.85579576576047	0.88351957004622	0.8964578885534	0.9324667002682	0.9114167215361	0.90219927301932	0.8780011366515	0.65606949177345	0.68045143539483	0.73301176251109	0.67389837139134	0.68502493706724	0.91763144009748	0.61356374123286	0.59710129341011	0.60555854721171	0.58880571455242	0.50896947331861	0.56523611943347	0.56069821831373	0.57403435257191	0.55853263265126	0.95770715113086	0.68516872632877	0.57095140638159	0.65631865068582	0.95556553915197	0.93693981606775	0.98081795990297	0.95461249097482	0.97802287201443	0.954130991656	0.93651029851516	0.67507518201599	0.71108516594819	0.49200295890282	0.47827200883009	0.49084471830177	0.65866367037387	0.75814508214819	0.81629995466697	0.89946464936593	0.95671561663498	0.59311476705127	0.62537659752926	0.65126745057826	0.64197414227467	0.65008215856323	0.56502336811239	0.55666364744684
