cluster	rank	gene	score	logfoldchange	pval	pval_adj
0	1	LTB	65.88809967041016	3.5209622383117676	0.0	0.0
0	2	EEF1A1	64.50972747802734	1.1851750612258911	0.0	0.0
0	3	RPL32	62.2762451171875	1.1266618967056274	0.0	0.0
0	4	RPL11	61.031578063964844	1.0664575099945068	0.0	0.0
0	5	LDHB	60.797767639160156	2.3802056312561035	0.0	0.0
0	6	RPL10	60.42378616333008	0.9665851593017578	0.0	0.0
0	7	RPL13	60.2952766418457	1.0336140394210815	0.0	0.0
0	8	RPL34	60.1416130065918	1.0797146558761597	0.0	0.0
0	9	RPS12	59.36864471435547	1.0876317024230957	0.0	0.0
0	10	RPS8	59.08224868774414	1.0554410219192505	0.0	0.0
0	11	RPL30	58.99189376831055	1.0580790042877197	0.0	0.0
0	12	RPL5	58.35066604614258	1.254151701927185	0.0	0.0
0	13	RPS3A	57.742469787597656	1.1381714344024658	0.0	0.0
0	14	TPT1	57.41156005859375	0.987932026386261	0.0	0.0
0	15	RPL19	57.27467346191406	0.9298651218414307	0.0	0.0
0	16	RPS25	57.04572677612305	1.1030060052871704	0.0	0.0
0	17	RPL14	56.939544677734375	1.0756093263626099	0.0	0.0
0	18	RPS28	56.736289978027344	0.8236727118492126	0.0	0.0
0	19	RPS18	56.72869873046875	1.1171525716781616	0.0	0.0
0	20	RPL37	56.724571228027344	0.9878677129745483	0.0	0.0
1	1	CCL5	64.31777954101562	4.461579322814941	0.0	0.0
1	2	CD8A	52.1136474609375	3.6715621948242188	0.0	0.0
1	3	IL32	50.5238037109375	2.5573530197143555	0.0	0.0
1	4	NKG7	50.375938415527344	3.380847454071045	0.0	0.0
1	5	GZMA	49.682254791259766	2.9100825786590576	0.0	0.0
1	6	GZMK	49.14625549316406	3.741567611694336	0.0	0.0
1	7	CD8B	48.94397735595703	3.7807796001434326	0.0	0.0
1	8	CD3E	48.555137634277344	2.328869342803955	0.0	0.0
1	9	PTPRCAP	47.4322509765625	1.9101898670196533	0.0	0.0
1	10	CST7	47.27885818481445	2.5796799659729004	0.0	0.0
1	11	CD2	46.04757308959961	2.1827967166900635	0.0	0.0
1	12	CTSW	44.67206954956055	2.417656660079956	0.0	0.0
1	13	HLA-B	44.28521728515625	0.9173632860183716	0.0	0.0
1	14	B2M	43.527984619140625	0.7050138711929321	0.0	0.0
1	15	HLA-C	41.82185363769531	0.9831125140190125	0.0	0.0
1	16	RARRES3	41.48916244506836	1.7538096904754639	0.0	0.0
1	17	GZMM	41.19729232788086	2.1181440353393555	0.0	0.0
1	18	HLA-A	40.032649993896484	1.0135819911956787	0.0	0.0
1	19	CD3D	39.858848571777344	1.939025640487671	0.0	0.0
1	20	CD3G	39.61848831176758	2.015568733215332	0.0	0.0
2	1	TNFAIP3	43.255027770996094	3.0889501571655273	0.0	0.0
2	2	JUNB	43.06392288208008	2.5103158950805664	0.0	0.0
2	3	SPOCK2	38.80360412597656	2.3757410049438477	0.0	0.0
2	4	RGS1	36.96273422241211	3.0623440742492676	4.5476468509691453e-299	3.0896712705484372e-295
2	5	BTG1	36.896240234375	1.568791389465332	5.309092451556616e-298	2.8855979292700515e-294
2	6	DNAJB1	36.54176712036133	2.278524160385132	2.4097295835362837e-292	1.0914468527030342e-288
2	7	CD3D	36.4778938293457	2.094923257827759	2.485880719644564e-291	9.650899205294382e-288
2	8	ICOS	35.5895881652832	3.922274589538574	2.0301069007597883e-277	6.896273141881001e-274
2	9	CD69	34.52821731567383	2.4112613201141357	3.026391372448701e-261	9.138356881962879e-258
2	10	CREM	33.717262268066406	2.5910043716430664	3.2289674825619727e-249	8.775042030610416e-246
2	11	LTB	33.63969039916992	2.1825807094573975	4.412316172867677e-248	1.0900827664895636e-244
2	12	BTG2	33.54058837890625	1.980655550956726	1.2349448024728076e-246	2.7967383293334185e-243
2	13	DDIT4	32.10220718383789	2.17301607131958	4.1070533859023645e-226	7.972377343948762e-223
2	14	SARAF	32.019287109375	1.2376694679260254	5.877472359305153e-225	1.0648412589098455e-221
2	15	DUSP1	31.97627067565918	2.0561184883117676	2.3312057957023e-224	3.9595530440003564e-221
2	16	BIRC3	31.67337989807129	2.670889377593994	3.614568174087436e-220	5.778206158764716e-217
2	17	CD3E	31.274822235107422	1.9470561742782593	1.0266546044705116e-214	1.5500203072828124e-211
2	18	SLC2A3	31.067556381225586	1.9027451276779175	6.60958404020122e-212	9.45379241455307e-209
2	19	EIF1	30.917482376098633	0.7023455500602722	6.954097090466792e-210	9.449227126526276e-207
2	20	HSPA8	30.6407470703125	1.1581082344055176	3.5101383128290747e-206	4.542453275687759e-203
3	1	DUSP2	46.54987716674805	3.5013427734375	0.0	0.0
3	2	CD8A	46.5347785949707	3.700507640838623	0.0	0.0
3	3	NR4A2	45.619972229003906	3.3874552249908447	0.0	0.0
3	4	CD69	44.897098541259766	3.0708463191986084	0.0	0.0
3	5	CCL5	44.78379440307617	3.8461766242980957	0.0	0.0
3	6	TNFAIP3	43.80911636352539	3.2044308185577393	0.0	0.0
3	7	DNAJB1	41.549102783203125	2.7045645713806152	0.0	0.0
3	8	CXCR4	40.9395866394043	2.7391269207000732	0.0	0.0
3	9	CD3D	38.44837951660156	2.2075791358947754	0.0	0.0
3	10	CCL4	37.550025939941406	3.0814950466156006	1.4074526466023086e-308	3.8248933124064336e-305
3	11	ZFP36	37.01488494873047	1.9805456399917603	6.598674489219257e-300	1.6302325265365683e-296
3	12	CD8B	36.79417419433594	2.956230401992798	2.2879690572444319e-296	5.181487258306224e-293
3	13	CST7	36.5040283203125	2.4005391597747803	9.57147651513331e-292	2.0008803521174064e-288
3	14	GZMA	36.21225357055664	2.5859110355377197	3.905177375064364e-287	7.580507167482082e-284
3	15	JUNB	36.181724548339844	2.104292392730713	1.1801598288163172e-286	2.1381349005274824e-283
3	16	RGS1	35.51479721069336	2.9301602840423584	2.9052612773768136e-276	4.934586279624518e-273
3	17	SRSF7	35.489112854003906	1.7333844900131226	7.235828647308245e-276	1.1567110548191112e-272
3	18	CD3E	34.64814376831055	2.075448751449585	4.7639206522415546e-263	7.192461535850915e-260
3	19	ZFP36L2	34.17102813720703	1.6877583265304565	6.515784842614209e-256	9.319629941204408e-253
3	20	BTG1	33.32749938964844	1.4676131010055542	1.543339189059749e-243	2.097089290094387e-240
4	1	CTSB	60.754642486572266	5.671444416046143	0.0	0.0
4	2	FTL	60.51012420654297	4.712378025054932	0.0	0.0
4	3	PSAP	59.9520263671875	4.7033491134643555	0.0	0.0
4	4	CD68	58.68855285644531	5.391427993774414	0.0	0.0
4	5	CTSL	58.38776779174805	5.970336437225342	0.0	0.0
4	6	GLUL	57.662254333496094	5.048892021179199	0.0	0.0
4	7	C1QC	56.76811218261719	7.464599609375	0.0	0.0
4	8	C1QA	56.58275604248047	7.186249732971191	0.0	0.0
4	9	CTSD	56.28038787841797	4.772983074188232	0.0	0.0
4	10	FCGRT	55.90119552612305	4.514625549316406	0.0	0.0
4	11	C1QB	55.748992919921875	7.4583516120910645	0.0	0.0
4	12	FABP5	55.425743103027344	5.050567150115967	0.0	0.0
4	13	APOC1	55.393699645996094	7.252995491027832	0.0	0.0
4	14	APOE	54.98899459838867	7.802961826324463	0.0	0.0
4	15	FTH1	54.924495697021484	3.224442958831787	0.0	0.0
4	16	NPC2	54.74842071533203	3.9705073833465576	0.0	0.0
4	17	CD14	54.45100784301758	5.216607570648193	0.0	0.0
4	18	DAB2	54.23219299316406	5.800274848937988	0.0	0.0
4	19	CTSZ	54.16545104980469	4.330118656158447	0.0	0.0
4	20	MAFB	53.947471618652344	5.117731094360352	0.0	0.0
5	1	CST3	54.86332702636719	6.156375408172607	0.0	0.0
5	2	AIF1	49.25856399536133	4.526512145996094	0.0	0.0
5	3	TYROBP	46.955841064453125	4.183425426483154	0.0	0.0
5	4	LYZ	46.78392791748047	4.447151184082031	0.0	0.0
5	5	FTL	46.56296157836914	2.9541118144989014	0.0	0.0
5	6	LST1	46.32612991333008	3.9981093406677246	0.0	0.0
5	7	CD74	46.16923141479492	3.2352869510650635	0.0	0.0
5	8	SERPINA1	45.86837387084961	4.522263050079346	0.0	0.0
5	9	HLA-DRA	45.12203598022461	4.033138751983643	0.0	0.0
5	10	HLA-DRB1	44.94208526611328	3.5384035110473633	0.0	0.0
5	11	TMSB10	44.849910736083984	1.3352067470550537	0.0	0.0
5	12	MS4A6A	44.75163650512695	4.373024940490723	0.0	0.0
5	13	IFI30	44.62404251098633	4.072915554046631	0.0	0.0
5	14	NPC2	44.39034652709961	3.361772060394287	0.0	0.0
5	15	S100A11	43.927093505859375	2.5120601654052734	0.0	0.0
5	16	FCER1G	43.406097412109375	3.661627769470215	0.0	0.0
5	17	IFITM3	42.97254180908203	3.691889762878418	0.0	0.0
5	18	SPI1	42.890602111816406	3.7422797679901123	0.0	0.0
5	19	COTL1	42.41827392578125	2.484193801879883	0.0	0.0
5	20	HLA-DPA1	42.291748046875	3.119591474533081	0.0	0.0
6	1	NKG7	49.404518127441406	4.588380336761475	0.0	0.0
6	2	CST7	46.109413146972656	3.4913816452026367	0.0	0.0
6	3	CCL4	44.75448989868164	4.646749496459961	0.0	0.0
6	4	GZMB	41.76811599731445	4.2696123123168945	0.0	0.0
6	5	GNLY	41.33218002319336	5.402649402618408	0.0	0.0
6	6	NR4A2	40.32915115356445	3.4658141136169434	0.0	0.0
6	7	PRF1	38.5749626159668	3.1763713359832764	0.0	0.0
6	8	CTSW	37.84751892089844	2.8657097816467285	0.0	0.0
6	9	CD247	36.682186126708984	2.53218936920166	1.404674676267831e-294	4.241493222472731e-291
6	10	FGFBP2	35.91960906982422	4.537468910217285	1.509758165153489e-282	4.102918789621122e-279
6	11	DUSP2	35.4871826171875	2.9842817783355713	7.749301414469311e-276	1.914500138541982e-272
6	12	KLRD1	35.394535064697266	3.569362163543701	2.0721985839242646e-274	4.692839059727151e-271
6	13	GZMA	33.78694534301758	2.7815353870391846	3.067044312787669e-250	6.411538172639821e-247
6	14	GZMH	32.76275634765625	3.1012353897094727	1.998418181686826e-235	3.8792151789657994e-232
6	15	CCL5	32.44985580444336	3.2624781131744385	5.441831504275316e-231	9.859147530679066e-228
6	16	IFITM2	29.89625358581543	1.5448182821273804	2.201263349660514e-196	3.7388457993983826e-193
6	17	IER2	29.848127365112305	1.7850643396377563	9.284222635610104e-196	1.484164907913766e-192
6	18	CD69	29.387271881103516	2.3117752075195312	7.986870711655585e-190	1.2058399914441788e-186
6	19	LITAF	28.591453552246094	1.708601951599121	8.58147609929533e-180	1.2274220761813152e-176
6	20	KLRB1	27.961044311523438	2.5471179485321045	4.839355713005238e-172	6.262587183649064e-169
7	1	JCHAIN	52.65616226196289	11.617976188659668	0.0	0.0
7	2	SSR4	51.874637603759766	3.783205986022949	0.0	0.0
7	3	MZB1	51.434627532958984	8.357946395874023	0.0	0.0
7	4	DERL3	49.462486267089844	8.405282020568848	0.0	0.0
7	5	IGHA1	45.047340393066406	10.101112365722656	0.0	0.0
7	6	CD79A	43.98802947998047	5.287434101104736	0.0	0.0
7	7	SEC11C	43.66248321533203	3.529700517654419	0.0	0.0
7	8	FKBP11	39.25888442993164	3.5757012367248535	0.0	0.0
7	9	HSP90B1	38.49359130859375	2.597944736480713	0.0	0.0
7	10	PRDX4	38.234130859375	3.6977691650390625	0.0	0.0
7	11	FKBP2	38.1915283203125	2.842071771621704	0.0	0.0
7	12	IGLL5	37.779319763183594	8.255637168884277	0.0	0.0
7	13	TNFRSF17	36.116485595703125	7.938279151916504	1.2499999139726414e-285	3.2352378725829053e-283
7	14	SSR3	33.20441436767578	2.337038040161133	9.296801989361408e-242	1.8176251141214794e-239
7	15	IGKC	32.60758590698242	8.06711196899414	3.201995277225106e-233	6.085134521249613e-231
7	16	SPCS1	31.22570037841797	1.8344166278839111	4.7728671727509436e-214	8.106714892917477e-212
7	17	HERPUD1	31.10994529724121	2.491196632385254	1.7670802638771858e-212	2.9643316821682964e-210
7	18	XBP1	30.643213272094727	2.5581696033477783	3.254439482684742e-206	5.2959669090682956e-204
7	19	POU2AF1	30.120330810546875	4.35456657409668	2.6251835620413194e-199	4.147790028025285e-197
7	20	IGHA2	28.91204261779785	7.981644153594971	8.426006662384208e-184	1.2377576057132607e-181
8	1	CD79A	46.66123580932617	6.875394344329834	0.0	0.0
8	2	MS4A1	46.16142654418945	10.786672592163086	0.0	0.0
8	3	CD37	44.88422393798828	2.8568291664123535	0.0	0.0
8	4	CD74	43.96562957763672	3.876361608505249	0.0	0.0
8	5	HLA-DRA	42.22172927856445	4.583868026733398	0.0	0.0
8	6	HLA-DQA1	41.12916946411133	4.223136901855469	0.0	0.0
8	7	HLA-DRB1	38.30924606323242	3.470104217529297	0.0	0.0
8	8	HLA-DPB1	36.76105499267578	2.981534004211426	7.742266192245369e-296	2.6300478255057517e-292
8	9	HLA-DQB1	36.145599365234375	3.5913808345794678	4.362575706260493e-286	1.3173039710370572e-282
8	10	HLA-DPA1	35.994873046875	2.9272758960723877	1.0062461877092386e-283	2.7345746397186265e-280
8	11	CD79B	35.90085983276367	5.119973182678223	2.9616882358102324e-282	7.316985408761716e-279
8	12	BANK1	35.49869918823242	7.955583095550537	5.148076183319745e-276	1.1658676529824783e-272
8	13	VPREB3	33.76301574707031	8.904532432556152	6.887249066903183e-250	1.2477858709477392e-246
8	14	HVCN1	31.926233291625977	4.714442253112793	1.1550003711362934e-223	1.5694145042999952e-220
8	15	NCF1	31.188627243041992	2.7424330711364746	1.5197087260289787e-213	1.966647825645882e-210
8	16	MEF2C	30.93637466430664	3.5252127647399902	3.8747759788177066e-210	4.5783005217543475e-207
8	17	RALGPS2	30.34974479675293	5.838441371917725	2.5320832099217147e-202	2.8671622213680216e-199
8	18	LINC00926	30.128250122070312	9.185311317443848	2.0675679964410493e-199	2.2475291148512785e-196
8	19	CD19	29.66595458984375	7.586582660675049	2.1118775253350032e-193	2.2073993703270786e-190
8	20	RPL8	29.264230728149414	0.8729867935180664	2.9597339972991896e-188	2.681124370353426e-185
9	1	NKG7	42.88590621948242	5.0403218269348145	0.0	0.0
9	2	PRF1	41.195159912109375	4.428252696990967	0.0	0.0
9	3	FGFBP2	41.07709503173828	5.851287364959717	0.0	0.0
9	4	GZMB	40.72675704956055	4.978701114654541	0.0	0.0
9	5	CTSW	39.81538009643555	3.856238842010498	0.0	0.0
9	6	GNLY	38.710750579833984	6.352152347564697	0.0	0.0
9	7	KLRD1	38.17885971069336	4.421533584594727	0.0	0.0
9	8	CST7	38.12881088256836	3.6098523139953613	0.0	0.0
9	9	CD247	37.03879165649414	3.150028944015503	2.7210340123227098e-300	8.216313368764662e-297
9	10	FCGR3A	36.836788177490234	3.9792537689208984	4.759913562275244e-297	1.2935541096839202e-293
9	11	GZMH	35.51227951049805	4.0181803703308105	3.177272054711038e-276	7.849595032620652e-273
9	12	SPON2	34.239837646484375	5.0548295974731445	6.178806940223871e-257	1.3992938117293662e-253
9	13	KLRF1	33.332672119140625	5.029656887054443	1.2987195059744388e-243	2.7149231764893345e-240
9	14	HOPX	32.992069244384766	3.5076513290405273	1.0553836439158338e-238	2.0486504219326216e-235
9	15	CLIC3	32.623878479003906	3.725693702697754	1.8811488198612884e-233	3.408140021903358e-230
9	16	EFHD2	32.51179122924805	3.0179784297943115	7.265748557920292e-232	1.2340873925627615e-228
9	17	CX3CR1	32.22611618041992	4.5430684089660645	7.60305792199362e-228	1.2154158946358743e-224
9	18	IFITM2	31.113685607910156	2.0279228687286377	1.572798326229174e-212	2.3745759618668908e-209
9	19	TRBC1	30.45782470703125	3.109917402267456	9.436637328341381e-204	1.349737137026344e-200
9	20	GZMA	29.84004020690918	2.9798600673675537	1.1821259858812727e-195	1.6062727896154732e-192
10	1	SAT1	39.181800842285156	3.798614740371704	0.0	0.0
10	2	PLAUR	38.863677978515625	5.596673965454102	0.0	0.0
10	3	FTH1	38.398536682128906	3.2356183528900146	0.0	0.0
10	4	NAMPT	37.61040115356445	4.1837286949157715	1.453361632945017e-309	9.874138934228448e-306
10	5	LYZ	36.229862213134766	4.896273612976074	2.062675729074256e-287	1.1211055122664394e-283
10	6	BCL2A1	35.39066696166992	4.1623992919921875	2.3765004193378276e-274	1.0763962565987467e-270
10	7	FCER1G	35.130619049072266	3.858375310897827	2.298135794101668e-270	8.922019762929562e-267
10	8	AIF1	34.477054595947266	4.015089988708496	1.7710832038358524e-260	6.01636964343039e-257
10	9	SOD2	34.2633171081543	3.9595935344696045	2.762697852395295e-257	8.342119648521615e-254
10	10	CST3	33.670867919921875	4.642161846160889	1.5436823894581503e-248	4.195111261591469e-245
10	11	TIMP1	33.6436882019043	3.9557015895843506	3.8562668189045804e-248	9.52708246095917e-245
10	12	IL1B	33.425785064697266	6.894847869873047	5.788241191125409e-245	1.3108436884168676e-241
10	13	NEAT1	33.42143249511719	2.942835569381714	6.694883591422251e-245	1.3995396652345468e-241
10	14	IFI30	33.31237030029297	3.828049659729004	2.556421707264585e-243	4.962379736901598e-240
10	15	SERPINA1	33.24119186401367	4.193202495574951	2.736574995514725e-242	4.957944138540544e-239
10	16	SPI1	32.485599517822266	3.5199177265167236	1.7031913909785354e-231	2.7227017200725105e-228
10	17	CTSS	32.405521392822266	3.237013101577759	2.294613952449183e-230	3.464357153986611e-227
10	18	LST1	32.265586853027344	3.8354005813598633	2.1268852773519172e-228	3.042117594595563e-225
10	19	CD83	32.02522659301758	3.716968536376953	4.8586332588301487e-225	6.601910872098405e-222
10	20	HLA-DRA	31.3894100189209	3.605084180831909	2.8224394199407863e-216	3.652505413157658e-213
11	1	CTSW	31.32457733154297	3.5316197872161865	2.1597313090404962e-215	5.869285805448452e-211
11	2	CD7	30.192689895629883	3.137624740600586	2.9543468343081906e-200	4.014366478457969e-196
11	3	NKG7	29.34717559814453	4.073261737823486	2.596220638302675e-189	2.3518297355504498e-185
11	4	XCL1	29.252796173095703	4.594489097595215	4.1372099689658475e-188	2.8108204529153966e-184
11	5	TRDC	29.19398307800293	4.769912242889404	2.312104288612367e-187	1.2566749229465937e-183
11	6	IL2RB	28.987003326416016	3.5628654956817627	9.59512595168041e-185	4.345952381047781e-181
11	7	KLRB1	28.224863052368164	3.5382111072540283	2.89711653451238e-175	1.1247434134558348e-171
11	8	XCL2	27.72434425354004	4.205924034118652	3.5531915488136174e-169	1.2070191691319857e-165
11	9	IFITM2	27.651939392089844	2.138190269470215	2.6449222430095935e-168	7.986489652892079e-165
11	10	KLRD1	27.61175537109375	3.8090052604675293	8.040008607222014e-168	2.1849527390986544e-164
11	11	IFITM1	27.03194236755371	2.3256871700286865	6.228254001890489e-161	1.5387184614125085e-157
11	12	MATK	25.980018615722656	3.2942678928375244	8.330417900413549e-149	1.8865619738469885e-145
11	13	CLIC3	25.08368492126465	3.4136719703674316	7.49416481124371e-139	1.566626330079685e-135
11	14	CMC1	24.52677345275879	3.439842939376831	7.654500124869642e-133	1.4858478242389813e-129
11	15	STK17A	24.059917449951172	2.204134941101074	6.573229016482518e-128	1.190893811679526e-124
11	16	HCST	23.164175033569336	1.7955849170684814	1.046336130896278e-118	1.777201918327328e-115
11	17	SH2D1B	22.489177703857422	4.362947940826416	5.297233981272044e-112	8.46809592206171e-109
11	18	TYROBP	22.085691452026367	3.155606985092163	4.338523773887589e-108	6.550206782176062e-105
11	19	CCL5	21.90875816345215	3.1239616870880127	2.1435142364458295e-106	3.065902257350098e-103
11	20	KLRC1	21.14558982849121	4.261768817901611	3.0297814261656475e-99	4.116867001873882e-96
12	1	HLA-DRA	23.423175811767578	4.035894870758057	2.4815583237681252e-121	2.2479609668907524e-117
12	2	CD74	22.472396850585938	2.9926440715789795	7.730326169714967e-112	3.501322399802899e-108
12	3	HLA-DPB1	22.292457580566406	3.2915289402008057	4.3731210668910854e-110	1.6977705444833164e-106
12	4	FTL	20.705591201782227	2.8599812984466553	3.08426740471515e-95	7.61982281732172e-92
12	5	TMSB4X	20.00487518310547	1.1580820083618164	4.994261162315221e-89	1.0440310872852187e-85
12	6	HLA-DPA1	19.865638732910156	2.943476915359497	8.07183986790297e-88	1.5668594303580792e-84
12	7	HLA-DQA1	17.97931671142578	3.393869161605835	2.829599893324126e-72	2.848044692628758e-69
12	8	C1QB	17.11418342590332	4.530826568603516	1.1633445896649903e-65	9.032872162495936e-63
12	9	C1QC	17.08734130859375	4.679237365722656	1.8439034820826912e-65	1.3624793394203363e-62
12	10	C1QA	17.05064582824707	4.386638164520264	3.456934715559705e-65	2.408863021283347e-62
12	11	AIF1	16.85687828063965	3.0654563903808594	9.339309406354088e-64	6.042977914930445e-61
12	12	GAPDH	15.889148712158203	0.9970382452011108	7.5343632111208e-57	3.6563188325967653e-54
12	13	HLA-DRB1	15.869068145751953	2.5458834171295166	1.0376972164233467e-56	4.9474490444773454e-54
12	14	PPIA	15.529909133911133	0.7863635420799255	2.176880474867742e-54	8.699838791912612e-52
12	15	TMSB10	14.816061973571777	0.8302106857299805	1.1535130705647344e-49	4.124719895482529e-47
12	16	TYROBP	13.927837371826172	2.380472421646118	4.291544208324587e-44	1.1662700540542899e-41
12	17	CD68	13.822283744812012	2.9491286277770996	1.8703953040539324e-43	4.887486806054776e-41
12	18	FTH1	13.652402877807617	1.2881958484649658	1.9532895036535578e-42	4.825690504662644e-40
12	19	HLA-DQB1	13.569307327270508	2.774085283279419	6.089469204279208e-42	1.477566206209748e-39
12	20	APOC1	13.306967735290527	4.0274338722229	2.1086766756662064e-40	4.476984167023814e-38
13	1	LYZ	31.316585540771484	7.478980541229248	2.7748032977785567e-215	7.540805442043005e-211
13	2	S100A8	29.93367576599121	7.445799350738525	7.177054663157656e-197	9.752181876298622e-193
13	3	IER2	29.862319946289062	4.201605319976807	6.074374079329374e-196	5.502572999328503e-192
13	4	CTSS	29.36642837524414	4.505702972412109	1.4743229170296614e-189	1.001654989829952e-185
13	5	S100A9	29.150083541870117	6.394848346710205	8.333789963976839e-187	4.529581521220691e-183
13	6	FCN1	28.78001594543457	5.942961692810059	3.815795133494687e-182	1.72830080913086e-178
13	7	S100A6	28.72756004333496	3.1288678646087646	1.7275498861011512e-181	6.706842243526413e-178
13	8	CCL3L1	27.482088088989258	6.386030197143555	2.8746258884250533e-166	9.765104142979906e-163
13	9	CSTA	27.335302352905273	5.445134162902832	1.6149087329585948e-164	4.8763066363203084e-161
13	10	NFKBIA	27.230690002441406	4.081975936889648	2.814052550610556e-163	7.647469211539246e-160
13	11	NEAT1	26.945390701293945	3.4168620109558105	6.459647477817979e-160	1.5958852714289217e-156
13	12	H3F3A	26.243080139160156	1.7967841625213623	8.573242194770884e-152	1.9415535823757795e-148
13	13	VCAN	26.13205337524414	5.660411834716797	1.5765784270985737e-150	3.295776564217757e-147
13	14	S100A12	25.970693588256836	7.079108238220215	1.0617067385683796e-148	2.060924451952449e-145
13	15	ATP2B1-AS1	25.817264556884766	4.996395111083984	5.675122166122562e-147	1.0281807999103117e-143
13	16	AIF1	25.709781646728516	4.307261943817139	9.086767956572521e-146	1.5433875374238426e-142
13	17	S100A4	25.6383113861084	2.5586471557617188	5.708288296200744e-145	9.125202513973614e-142
13	18	SERPINA1	25.604808807373047	4.573089599609375	1.348548647286511e-144	2.036008779925457e-141
13	19	TKT	25.570510864257812	3.595309257507324	3.247827772186366e-144	4.645419344049299e-141
13	20	LST1	25.514362335205078	4.122344493865967	1.3658566346679664e-143	1.8559259951868327e-140
14	1	RPL32	26.772096633911133	1.3921220302581787	6.830092702381721e-158	1.8561459927992564e-153
14	2	RPS12	26.386287689208984	1.3852119445800781	1.9686403393121732e-153	2.674988493057381e-149
14	3	RPS21	25.84177017211914	1.2789138555526733	3.010799260169748e-147	2.727382689812436e-143
14	4	RPL34	25.759645462036133	1.288335919380188	2.513455163693583e-146	1.70764143821342e-142
14	5	CD8B	25.539113998413086	4.301563739776611	7.25411136687461e-144	3.9427546101236877e-140
14	6	RPL37	25.431774139404297	1.24423086643219	1.1232169737973234e-142	5.08742407998601e-139
14	7	EEF1A1	25.373689651489258	1.2870484590530396	4.9231781544510104e-142	1.9113184217908667e-138
14	8	RPS5	25.058490753173828	1.4608399868011475	1.4108559121949542e-138	4.7926775337262593e-135
14	9	RPL19	24.90235710144043	1.111820936203003	7.015459365297814e-137	2.1183569301259268e-133
14	10	RPS23	24.876998901367188	1.1812758445739746	1.32008218452319e-136	3.587455344660221e-133
14	11	RPL13	24.860858917236328	1.1874327659606934	1.9732911189901473e-136	4.875105404516022e-133
14	12	RPS13	24.728090286254883	1.2745243310928345	5.335512029210299e-135	1.208315624215159e-131
14	13	RPS14	24.620512008666992	1.1875030994415283	7.618460344225586e-134	1.592609833189804e-130
14	14	RPS8	24.4948673248291	1.228723406791687	1.675400283534505e-132	3.252191293238122e-129
14	15	RPL30	24.478357315063477	1.1753687858581543	2.5118133381865825e-132	4.32183051375761e-129
14	16	RPS6	24.476354598999023	1.4175372123718262	2.6382729673903084e-132	4.32183051375761e-129
14	17	RPS28	24.475357055664062	1.002562165260315	2.7035295383382162e-132	4.32183051375761e-129
14	18	EEF1B2	24.312095642089844	1.6631783246994019	1.4602817583854229e-130	2.2047009481045694e-127
14	19	RPL21	23.86783790588379	1.3293191194534302	6.611487849963717e-126	9.456515463716525e-123
14	20	RPL35A	23.850479125976562	1.1774928569793701	1.0011308656856105e-125	1.3603366202936073e-122
15	1	ACTG1	17.508934020996094	1.4119044542312622	1.2246787238812505e-68	1.664093450009843e-64
15	2	GAPDH	17.223630905151367	1.4289989471435547	1.7655686749490026e-66	1.5993698103471366e-62
15	3	ACTB	15.841919898986816	1.155734896659851	1.5986539375572482e-56	1.0861254851763944e-52
15	4	PPIA	15.64748764038086	1.0286999940872192	3.4559802924828646e-55	1.8783944085702863e-51
15	5	PTMA	15.20462703704834	0.830333948135376	3.2950268381527425e-52	1.4924274892273156e-48
15	6	TUBB	14.733701705932617	2.496680498123169	3.916523625784501e-49	1.5205063722045656e-45
15	7	CFL1	14.257525444030762	0.8562884330749512	4.0247529747794686e-46	1.3672085855325854e-42
15	8	HMGB1	14.182950019836426	1.4130727052688599	1.1683021898368588e-45	3.527753367889608e-42
15	9	PFN1	14.164464950561523	1.0170198678970337	1.5201953982105095e-45	4.13128301417688e-42
15	10	STMN1	13.720504760742188	4.096609592437744	7.65310481058185e-43	1.8907343302942942e-39
15	11	MKI67	13.629863739013672	6.008945941925049	2.6607828934469657e-42	6.025786326026228e-39
15	12	RAC2	13.319786071777344	1.2830898761749268	1.7761547035199854e-40	3.7129830940660863e-37
15	13	TYMS	12.765331268310547	5.8329997062683105	2.560602167344399e-37	4.970494607125099e-34
15	14	HMGN2	12.709341049194336	1.9045922756195068	5.247497754891766e-37	9.507066599129243e-34
15	15	TMSB4X	12.569915771484375	0.771087110042572	3.090540597948034e-36	4.940501840578575e-33
15	16	PTTG1	12.385119438171387	3.4507131576538086	3.146162462839723e-35	4.7500061716740174e-32
15	17	TPX2	12.365640640258789	5.621500015258789	4.010024076403887e-35	5.735600752650106e-32
15	18	NUSAP1	12.24045467376709	5.341554164886475	1.8897174648509927e-34	2.5677480912395288e-31
15	19	HMGB2	12.179637908935547	3.0039055347442627	3.990503385954576e-34	5.164091429366741e-31
15	20	ARHGDIB	11.952202796936035	0.835091769695282	6.322711131476038e-33	7.470695552564905e-30
16	1	CALD1	26.055335998535156	9.886555671691895	1.170505496552215e-149	3.180965737430299e-145
16	2	COL1A2	25.015701293945312	13.216168403625488	4.125496804424786e-138	5.605725057852399e-134
16	3	SPARC	24.884489059448242	9.05052375793457	1.0952989637507244e-136	9.921948212963229e-133
16	4	COL3A1	24.030418395996094	12.763252258300781	1.33771799351376e-127	9.088456047932484e-124
16	5	IGFBP7	24.01909065246582	7.796919822692871	1.7569679917558388e-127	9.549472428791335e-124
16	6	IFITM3	23.40637969970703	4.526081085205078	3.679914641078972e-121	1.6667560047660358e-117
16	7	TPM2	23.35527229309082	8.443134307861328	1.2182246508799865e-120	4.729496158902074e-117
16	8	COL6A2	23.317153930664062	7.370266914367676	2.9700263932582467e-120	1.0089179657898264e-116
16	9	COL1A1	23.27060890197754	14.899715423583984	8.800011742532175e-120	2.6572124346117154e-116
16	10	TIMP1	23.079565048217773	4.925609588623047	7.428195516718338e-118	2.0186864136233754e-114
16	11	MYL9	22.7817440032959	8.469447135925293	6.956575345768178e-115	1.7186535599690543e-111
16	12	CNN3	22.46706771850586	7.305698871612549	8.71602181522893e-112	1.9738884070888453e-108
16	13	LGALS1	22.018939971923828	3.439969778060913	1.8964857176034175e-107	3.435926390772698e-104
16	14	MGP	21.83001136779785	8.466038703918457	1.2039120760746804e-105	1.924559681141501e-102
16	15	IGFBP4	21.775684356689453	6.4141387939453125	3.94539779572038e-105	5.956673916472059e-102
16	16	TPM1	21.387746810913086	5.743012428283691	1.737490491593639e-101	2.485160084186775e-98
16	17	RARRES2	21.175704956054688	11.152046203613281	1.5996817683513867e-99	2.0701405588912992e-96
16	18	AEBP1	20.934513092041016	7.840893745422363	2.596998755137533e-97	2.9406682570674e-94
16	19	SERPINH1	20.862058639526367	6.174710273742676	1.1846235431334671e-96	1.287733176327804e-93
16	20	BGN	20.82139015197754	10.633213996887207	2.7703624120592884e-96	2.8956680350047393e-93
17	1	GNG11	20.446819305419922	8.986448287963867	6.412158399031285e-93	1.742568166520742e-88
17	2	IGFBP7	20.019262313842773	7.61915397644043	3.7421958743090995e-89	5.084895754011204e-85
17	3	SPARC	19.665042877197266	8.268479347229004	4.298018527835819e-86	3.8934317170822075e-82
17	4	IFI27	19.570125579833984	7.2931108474731445	2.779972591747589e-85	1.888713378833312e-81
17	5	EGFL7	19.557247161865234	9.26718807220459	3.578804027471485e-85	1.9451515650113013e-81
17	6	SPARCL1	19.531953811645508	9.951401710510254	5.874774144052411e-85	2.660881035646139e-81
17	7	IFITM3	19.47770118713379	4.590232849121094	1.6972953445467485e-84	6.589385469057491e-81
17	8	IGFBP4	19.194429397583008	6.713848114013672	4.119809087901664e-82	1.3994991471601953e-78
17	9	CRIP2	19.153730392456055	6.612241268157959	9.009667012189011e-82	2.7205190080360953e-78
17	10	HSPG2	19.029935836791992	9.90782356262207	9.637096066023195e-81	2.6189772269024634e-77
17	11	CAVIN1	18.93292999267578	7.957439422607422	6.1069113168378776e-80	1.5087401995126014e-76
17	12	S100A13	18.702312469482422	7.241308212280273	4.740401291304715e-78	9.909626576345917e-75
17	13	CD34	18.673002243041992	11.040196418762207	8.210588213395655e-78	1.593792466337431e-74
17	14	A2M	18.608476638793945	6.182641983032227	2.743096217911171e-77	4.969758854530266e-74
17	15	RAMP2	18.528696060180664	10.464136123657227	1.2118906276727193e-76	2.0583962311021137e-73
17	16	VWF	18.427438735961914	15.188531875610352	7.914195780452016e-76	1.194867691830911e-72
17	17	ESAM	18.38242530822754	9.387754440307617	1.8165960503371095e-75	2.5983060138926993e-72
17	18	MGP	18.323715209960938	8.330345153808594	5.353021922028055e-75	7.273686187651721e-72
17	19	PECAM1	18.17072868347168	5.00283670425415	8.802247561932658e-74	1.1390946654432473e-70
17	20	APP	17.99583625793457	5.327882766723633	2.1002461269802133e-72	2.594376761218831e-69
18	1	TPSAB1	18.991344451904297	16.789886474609375	2.011112321360165e-80	5.4653988445283846e-76
18	2	CPA3	18.682462692260742	15.026103973388672	6.877202110875639e-78	9.344742228257817e-74
18	3	TPSB2	18.373369216918945	15.43893051147461	2.1466339600159076e-75	1.944564149913077e-71
18	4	MS4A2	17.91054916381836	14.977123260498047	9.75685455054295e-72	6.6288069816388795e-68
18	5	CLU	17.344322204589844	8.224709510803223	2.177340217882891e-67	1.1834279552237088e-63
18	6	KIT	17.26659393310547	9.987039566040039	8.395406909798128e-67	3.8025596363445656e-63
18	7	VWA5A	17.00909423828125	7.5328450202941895	7.031666110726398e-65	2.7298936889300085e-61
18	8	GATA2	16.974679946899414	11.834023475646973	1.264435269674383e-64	4.295286611083879e-61
18	9	HPGDS	16.793981552124023	9.807632446289062	2.700981428221549e-63	8.155763477038758e-60
18	10	BACE2	16.249269485473633	7.960075855255127	2.2604304303390655e-59	6.142945737489444e-56
18	11	SLC18A2	15.900946617126465	12.912055015563965	6.241471880628576e-57	1.5419839984360197e-53
18	12	LTC4S	15.725534439086914	7.35203218460083	1.01093788438359e-55	2.289437328834037e-52
18	13	MALAT1	15.553354263305664	1.7910820245742798	1.5098662392639766e-54	3.15631730140291e-51
18	14	HDC	15.284481048583984	14.147285461425781	9.703346053743732e-53	1.8835580882609976e-49
18	15	AL157895.1	15.272660255432129	10.749898910522461	1.1632958429505038e-52	2.107581855201526e-49
18	16	CAPG	15.052506446838379	3.7166547775268555	3.323987404789927e-51	5.645792607035691e-48
18	17	VIM	14.789064407348633	2.3887927532196045	1.7233349360885597e-49	2.754902954302512e-46
18	18	CD9	14.277515411376953	5.36541223526001	3.0218299425101617e-46	4.32217107987664e-43
18	19	PTGS1	14.178338050842285	5.99039888381958	1.247661534038261e-45	1.6953224924511888e-42
18	20	IL1RL1	13.886943817138672	11.415771484375	7.60103607731763e-44	9.836464592246853e-41
19	1	IRF7	13.372228622436523	6.094339370727539	8.786793647468568e-41	2.387899041636058e-36
19	2	SERPINF1	13.05308723449707	7.633848667144775	6.102324098639315e-39	8.2918379852311e-35
19	3	GZMB	12.8995361328125	5.988659858703613	4.528170070642342e-38	4.101918327992543e-34
19	4	IRF8	12.830656051635742	6.596133708953857	1.1042498459795922e-37	7.502273453585349e-34
19	5	PLD4	12.648232460021973	7.711456298828125	1.1441938117964488e-36	6.218922205876058e-33
19	6	UGCG	12.546422958374023	5.923933982849121	4.1587760281371054e-36	1.8836482890108996e-32
19	7	TCF4	12.51744556427002	6.288105487823486	5.9932769411850446e-36	2.3267613450520682e-32
19	8	TSPAN13	12.42988395690918	7.55543851852417	1.7989469004118681e-35	6.111022620699115e-32
19	9	HERPUD1	12.389992713928223	3.982299327850342	2.9606909358772456e-35	8.939970763711115e-32
19	10	SPIB	12.258387565612793	6.733748435974121	1.5148484853260457e-34	4.116752243722062e-31
19	11	PPP1R14B	12.231118202209473	5.223032474517822	2.119992341069311e-34	5.067465219732505e-31
19	12	CCDC50	12.226731300354004	5.849227428436279	2.237620791757067e-34	5.067465219732505e-31
19	13	MAP1A	12.200106620788574	8.032106399536133	3.1041846249922226e-34	6.489178566829895e-31
19	14	LILRA4	12.04898738861084	11.387048721313477	1.9634642026108367e-33	3.811364512153721e-30
19	15	JCHAIN	11.989455223083496	5.337983131408691	4.035511375564306e-33	7.311270476155706e-30
19	16	PLAC8	11.961987495422363	4.628661632537842	5.620047005969677e-33	9.545649839639496e-30
19	17	APP	11.859124183654785	5.373540878295898	1.9298273265375314e-32	3.084999260351997e-29
19	18	ITM2C	11.782464981079102	4.576120853424072	4.806626676664774e-32	7.256938142502328e-29
19	19	C12orf75	11.76386547088623	3.9331839084625244	5.992673840071556e-32	8.571416014620242e-29
19	20	BCL11A	11.612337112426758	6.530380725860596	3.5672992904381965e-31	4.847246275847421e-28
