p_val	avg_log2FC	pct.1	pct.2	p_val_adj	cluster	gene
0	2.19598981497687	0.877	0.405	0	0	LTB
0	0.79170661540216	0.961	0.511	0	0	CD3E
0	1.86345839092191	0.692	0.277	0	0	IL7R
0	0.46519388367836	0.806	0.413	0	0	CD3D
0	0.603882315989883	0.946	0.582	0	0	IL32
0	1.8130261616825	0.899	0.558	0	0	LDHB
0	0.504570444969716	0.653	0.338	0	0	CD3G
0	0.514591015781685	0.614	0.336	0	0	SPOCK2
0	0.13697043010628	0.922	0.66	0	0	PTPRCAP
0	0.5719779727114	0.934	0.723	0	0	IFITM1
0	0.215390804416937	0.871	0.75	0	0	CD37
0	0.649764232940592	0.938	0.826	0	0	SARAF
0	0.985386175418869	0.997	0.963	0	0	RPL5
0	0.887350451667667	0.998	0.977	0	0	RPS25
0	0.850831088551571	0.999	0.978	0	0	RPL14
0	0.892921190233	0.999	0.983	0	0	RPS18
0	0.974230243873457	0.999	0.984	0	0	RPS3A
0	0.851616658092766	0.999	0.986	0	0	RPL37
0	0.688452053141457	0.999	0.986	0	0	RPL8
0	0.174669093562446	0.996	0.985	0	0	TMSB10
0	0.905754229901422	1	0.99	0	0	RPS8
0	0.845273287617384	0.999	0.989	0	0	TPT1
0	0.886575965148114	1	0.992	0	0	RPL11
0	0.929543420666047	1	0.992	0	0	RPL34
0	0.997209505938103	1	0.993	0	0	RPL32
0	0.785166423747405	1	0.993	0	0	RPL19
0	0.881700182278983	1	0.994	0	0	RPL13
0	0.965389465793194	1	0.995	0	0	RPS12
0	0.869264298439557	1	0.995	0	0	RPL30
0	0.725694326110355	1	0.995	0	0	RPS28
0	0.941963555738115	1	0.997	0	0	EEF1A1
0	0.785581589390862	1	0.997	0	0	RPL10
0	1.20289438141866	0.947	0.357	0	1	NKG7
0	2.54597422437667	0.761	0.176	0	1	CD8A
0	2.8711138746533	0.682	0.136	0	1	CD8B
0	2.06223359447242	0.947	0.442	0	1	CCL5
0	1.97384580007022	0.662	0.178	0	1	GZMH
0	1.2630396538969	0.811	0.33	0	1	CTSW
0	1.4355257670607	0.789	0.316	0	1	GZMA
0	1.2171412319609	0.883	0.417	0	1	CST7
0	2.6893116820264	0.603	0.168	0	1	GZMK
0	1.17164514194986	0.958	0.526	0	1	CD3E
0	1.54868324287262	0.76	0.34	0	1	GZMM
0	1.07618975598655	0.825	0.422	0	1	CD3D
0	1.39940114571771	0.83	0.436	0	1	CD2
0	1.44632205285359	0.728	0.335	0	1	CD3G
0	0.75559720219992	0.631	0.254	0	1	PRF1
0	1.18354659582461	0.96	0.591	0	1	IL32
0	1.13480812865303	0.959	0.662	0	1	PTPRCAP
0	1.3615356249789	0.456	0.177	0	1	MATK
0	1.27177916629174	0.846	0.57	0	1	RARRES3
0	1.14012531413304	0.451	0.195	0	1	HOPX
0	0.302506104293421	0.602	0.35	0	1	CCL4
0	0.917863280791406	0.433	0.184	0	1	CLIC3
0	0.976883493568029	0.715	0.476	0	1	STK17A
0	0.624960055293534	0.573	0.352	0	1	SPOCK2
0	0.208258107109158	0.595	0.397	0	1	CD247
0	1.03424646494307	0.885	0.699	0	1	HCST
0	0.385947429714592	0.499	0.323	0	1	IL7R
0	0.433851298566283	0.906	0.735	0	1	IFITM1
0	1.04715184625816	0.419	0.248	0	1	CMC1
0	0.191329180717204	0.323	0.157	0	1	KLRD1
0	0.36735380672042	0.445	0.292	0	1	TRBC1
0	0.356485478320863	0.399	0.268	0	1	KLRB1
0	0.221026048222624	0.365	0.241	0	1	IL2RB
0	0.626082442219975	0.147	0.068	0	1	KLRC1
0	0.172387358433666	0.686	0.615	0	1	COTL1
0	0.160774780581768	0.677	0.608	0	1	LDHB
0	0.141342167726366	0.811	0.764	0	1	CD37
0	0.272790818991876	0.878	0.84	0	1	SARAF
0	0.379748201567655	0.588	0.551	0	1	LITAF
0	0.114976169343129	0.149	0.114	0	1	CX3CR1
0	0.219124327411008	0.788	0.754	0	1	ZFP36L2
0	0.768838284999398	0.979	0.949	0	1	HLA-C
0	0.708925546436272	0.986	0.962	0	1	HLA-A
0	0.35940246797584	0.995	0.978	0	1	RPS25
0	0.170947013145211	0.982	0.967	0	1	RPL5
0	0.336273671287691	0.994	0.979	0	1	RPL14
0	0.222437245791763	0.997	0.984	0	1	RPS18
0	0.703209469941806	0.997	0.988	0	1	HLA-B
0	0.101117382717467	0.999	0.992	0	1	RPL11
0	0.191230315225291	0.999	0.992	0	1	RPL34
0	0.318575370276891	0.998	0.991	0	1	TMSB4X
0	0.284678583312393	1	0.994	0	1	RPL13
0	0.21504376943044	1	0.994	0	1	RPL19
0	0.149256179202336	0.91	0.916	0	1	PPIA
0	0.280430530108248	1	0.995	0	1	RPS12
0	0.2319244240916	1	0.995	0	1	RPS28
0	0.374249064063823	1	0.996	0	1	RPL30
0	0.192642754142028	1	0.997	0	1	RPL10
0	0.537144225566234	1	0.998	0	1	B2M
0	2.1695823899766	0.788	0.208	0	2	CD8A
0	0.643145389242981	0.937	0.393	0	2	NKG7
0	1.3845059594756	0.943	0.472	0	2	CCL5
0	1.42989823685957	0.81	0.342	0	2	GZMA
0	1.53851455045568	0.638	0.173	0	2	CD8B
0	1.30190830619805	0.889	0.439	0	2	CD3D
0	2.11550571886004	0.718	0.27	0	2	NR4A2
0	1.04237465757536	0.889	0.444	0	2	CST7
0	1.8215499331068	0.79	0.366	0	2	CD69
0	2.17463114216255	0.747	0.325	0	2	TNFAIP3
0	0.912997507805453	0.961	0.551	0	2	CD3E
0	2.37971066490174	0.752	0.345	0	2	DUSP2
0	1.94358360629459	0.77	0.385	0	2	CXCR4
0	1.48990197760682	0.536	0.165	0	2	GZMB
0	1.1065022504851	0.728	0.358	0	2	CD3G
0	1.107311577893	0.816	0.46	0	2	CD7
0	0.937292423887387	0.813	0.461	0	2	CD2
0	0.309141524369218	0.719	0.368	0	2	CTSW
0	1.48917652340595	0.546	0.199	0	2	GZMK
0	1.70938476949373	0.696	0.355	0	2	CCL4
0	0.635235807960809	0.952	0.613	0	2	IL32
0	0.743769639622674	0.549	0.218	0	2	GZMH
0	1.9407202150817	0.566	0.238	0	2	RGS1
0	0.43585432664013	0.599	0.28	0	2	PRF1
0	1.87504183595391	0.753	0.44	0	2	DNAJB1
0	0.760916453549005	0.681	0.373	0	2	GZMM
0	1.2011100127516	0.786	0.49	0	2	DUSP1
0	1.59731691546832	0.549	0.254	0	2	CREM
0	1.22366637234131	0.729	0.455	0	2	BTG2
0	0.661197043524693	0.95	0.681	0	2	PTPRCAP
0	0.871760042190345	0.753	0.486	0	2	STK17A
0	0.787320205703488	0.5	0.234	0	2	IL2RB
0	1.30985318164396	0.881	0.629	0	2	JUNB
0	0.85554698562903	0.835	0.588	0	2	RARRES3
0	1.39678715098588	0.821	0.578	0	2	SRSF7
0	1.30065191751852	0.602	0.361	0	2	DDIT4
0	1.35858618522197	0.88	0.648	0	2	ZFP36
0	0.488085003502904	0.578	0.365	0	2	SPOCK2
0	1.03346572052026	0.314	0.104	0	2	XCL1
0	0.86686541524384	0.646	0.45	0	2	NFKBIA
0	0.936275856361016	0.607	0.422	0	2	SLC2A3
0	0.69473181857606	0.288	0.114	0	2	XCL2
0	0.385892158055538	0.917	0.744	0	2	IFITM1
0	0.727282812508125	0.883	0.71	0	2	HCST
0	0.184166362111334	0.335	0.166	0	2	GNLY
0	0.469537256010322	0.437	0.271	0	2	KLRB1
0	0.811160052645777	0.268	0.109	0	2	ICOS
0	0.285170687502395	0.458	0.299	0	2	TRBC1
0	1.42356320833266	0.897	0.744	0	2	ZFP36L2
0	0.276467059282596	0.368	0.219	0	2	HOPX
0	0.735472376929796	0.361	0.225	0	2	BIRC3
0	1.07488310875095	0.196	0.067	0	2	KLRC1
0	0.651787758727648	0.742	0.614	0	2	COTL1
0	0.20785483824596	0.332	0.206	0	2	MATK
0	0.31434859141082	0.373	0.262	0	2	CMC1
0	0.417726290656012	0.672	0.57	0	2	IER2
0	0.943471202866784	0.973	0.876	0	2	BTG1
0	0.47532704635317	0.188	0.104	0	2	CCL3L1
0	0.235764309088617	0.851	0.767	0	2	IFITM2
0	0.112119662751236	0.272	0.189	0	2	CD83
0	0.539152909308452	0.919	0.838	0	2	SARAF
0	0.888576747323256	0.941	0.867	0	2	HSPA8
0	0.250763653687934	0.31	0.255	0	2	NAMPT
0	0.725711362120536	0.962	0.93	0	2	GAPDH
0	0.182562809957526	0.582	0.554	0	2	LITAF
0	0.662711325723804	0.99	0.963	0	2	HLA-A
0	0.570652344019329	0.991	0.966	0	2	EIF1
0	0.312071646755487	0.974	0.951	0	2	HLA-C
0	0.383266547217131	0.927	0.914	0	2	PPIA
0	0.158353038795075	0.912	0.901	0	2	H3F3A
0	0.449268384708924	0.997	0.988	0	2	HLA-B
0	0.398357180780462	0.998	0.992	0	2	TMSB4X
0	0.44182278010239	1	0.998	0	2	B2M
0	3.55262194742348	0.546	0.082	0	3	ICOS
0	1.37363764626408	0.887	0.44	0	3	CD3D
0	1.84795427592222	0.78	0.345	0	3	SPOCK2
0	0.944960564444219	0.963	0.552	0	3	CD3E
0	2.15342380540747	0.735	0.328	0	3	TNFAIP3
0	2.36879068826368	0.629	0.247	0	3	CREM
0	1.66067898797744	0.747	0.371	0	3	CD69
0	1.15477821571438	0.819	0.462	0	3	CD2
0	1.21454110928404	0.809	0.455	0	3	LTB
0	2.40661350025512	0.581	0.237	0	3	RGS1
0	2.4908584452509	0.548	0.207	0	3	BIRC3
0	1.07265223006458	0.611	0.282	0	3	NR4A2
0	1.47060325286018	0.646	0.319	0	3	IL7R
0	0.956216304383244	0.69	0.363	0	3	CD3G
0	0.69690650006146	0.94	0.616	0	3	IL32
0	1.46538634649659	0.713	0.392	0	3	CXCR4
0	0.712392884631791	0.77	0.466	0	3	CD7
0	1.37717692680906	0.779	0.492	0	3	DUSP1
0	1.6086920601537	0.731	0.444	0	3	DNAJB1
0	1.6267553359877	0.697	0.413	0	3	SLC2A3
0	1.81168977200785	0.641	0.358	0	3	DDIT4
0	1.34717601569406	0.737	0.455	0	3	BTG2
0	1.92435475658228	0.907	0.627	0	3	JUNB
0	0.93314739191905	0.615	0.36	0	3	DUSP2
0	1.18293922087133	0.674	0.448	0	3	NFKBIA
0	0.789774986917003	0.488	0.267	0	3	KLRB1
0	0.180483238046911	0.902	0.686	0	3	PTPRCAP
0	0.588496501029095	0.448	0.241	0	3	IL2RB
0	1.12592179146429	0.784	0.583	0	3	SRSF7
0	1.1872744879263	0.849	0.652	0	3	ZFP36
0	0.578615897304669	0.488	0.297	0	3	TRBC1
0	0.493351695615753	0.666	0.495	0	3	STK17A
0	0.32120447620963	0.904	0.746	0	3	IFITM1
0	0.480335981855498	0.745	0.605	0	3	LDHB
0	0.20213348752077	0.695	0.555	0	3	SAT1
0	0.836037477932532	0.367	0.249	0	3	NAMPT
0	1.16627976755402	0.95	0.835	0	3	SARAF
0	0.974655409767715	0.856	0.749	0	3	ZFP36L2
0	1.20249252423897	0.978	0.876	0	3	BTG1
0	0.980627580200819	0.946	0.866	0	3	HSPA8
0	0.713389275504086	0.992	0.966	0	3	EIF1
0	0.641817314536576	0.988	0.963	0	3	HLA-A
0	0.16189758234616	0.989	0.967	0	3	RPL5
0	0.25014983535043	0.952	0.931	0	3	GAPDH
0	0.224056680223857	0.996	0.979	0	3	RPS25
0	0.146225150450283	0.996	0.98	0	3	RPL14
0	0.324074813987806	0.999	0.985	0	3	RPS3A
0	0.178240956912952	0.998	0.985	0	3	RPS18
0	0.192137666354306	0.999	0.987	0	3	RPL37
0	0.280263703160953	1	0.992	0	3	RPL11
0	0.161244401606199	0.999	0.991	0	3	RPS8
0	0.35565255549111	0.998	0.99	0	3	TPT1
0	0.246643116628981	0.996	0.988	0	3	HLA-B
0	0.225045865325172	1	0.993	0	3	RPL34
0	0.136653222256271	0.999	0.992	0	3	TMSB4X
0	0.240045353046214	1	0.994	0	3	RPL32
0	0.233088626957507	1	0.994	0	3	RPL13
0	0.203055709671814	1	0.994	0	3	RPL19
0	0.200584095025507	1	0.995	0	3	RPS12
0	0.11621494823281	1	0.995	0	3	RPS28
0	0.200299908172819	1	0.996	0	3	RPL30
0	0.362132172418736	1	0.997	0	3	EEF1A1
0	0.21215966176414	1	0.997	0	3	RPL10
0	0.474624051309682	1	0.998	0	3	B2M
0	2.95685843375038	0.967	0.203	0	4	AIF1
0	3.58115433650032	0.965	0.211	0	4	CST3
0	3.65965694458131	0.869	0.118	0	4	SERPINA1
0	3.26162447101253	0.894	0.147	0	4	LYZ
0	2.9689595438791	0.893	0.174	0	4	LST1
0	3.43178915259699	0.834	0.121	0	4	MS4A6A
0	2.68718586907031	0.865	0.159	0	4	SPI1
0	3.12963561300906	0.845	0.142	0	4	IFI30
0	3.83433131282755	0.826	0.126	0	4	S100A9
0	1.86042189609808	0.846	0.16	0	4	CD68
0	3.92144304660512	0.772	0.097	0	4	S100A8
0	4.16291198625821	0.751	0.078	0	4	FCN1
0	2.6602074504281	0.789	0.118	0	4	CD14
0	2.05532650113735	0.941	0.272	0	4	FCER1G
0	2.13241966101581	0.837	0.205	0	4	FCGRT
0	2.12767323551093	0.982	0.352	0	4	TYROBP
0	2.29921646759827	0.872	0.277	0	4	IFITM3
0	2.16705794608157	0.804	0.221	0	4	CTSZ
0	3.66379438473625	0.653	0.073	0	4	CSTA
0	4.38256732309425	0.636	0.061	0	4	VCAN
0	2.54953055144192	0.679	0.107	0	4	MAFB
0	2.15327926251114	0.907	0.347	0	4	NPC2
0	1.35768337592273	0.881	0.348	0	4	CTSB
0	1.91107682969487	0.87	0.34	0	4	CTSS
0	2.17950281314483	0.902	0.392	0	4	HLA-DRA
0	1.68620446620091	0.809	0.317	0	4	TIMP1
0	1.27457463561645	0.725	0.235	0	4	GLUL
0	1.81986971272035	0.648	0.163	0	4	MEF2C
0	2.2124107934581	0.702	0.227	0	4	HLA-DQB1
0	1.27799984969299	0.951	0.518	0	4	PSAP
0	2.32668270262054	0.912	0.494	0	4	HLA-DPB1
0	0.906726003459545	0.622	0.211	0	4	FCGR3A
0	2.20822746567403	0.917	0.507	0	4	HLA-DPA1
0	1.88604607671615	0.681	0.281	0	4	HLA-DQA1
0	2.16730230328992	0.888	0.497	0	4	HLA-DRB1
0	1.45413596423834	0.511	0.12	0	4	PLAUR
0	0.661277143614622	0.695	0.341	0	4	EFHD2
0	0.585348969688126	0.505	0.157	0	4	CTSL
0	0.48354546309068	0.604	0.263	0	4	CTSD
0	0.302758833839345	0.436	0.101	0	4	C1QA
0	0.650077812328249	0.537	0.224	0	4	FABP5
0	0.920910672790578	0.856	0.543	0	4	SAT1
0	1.46250882228512	0.91	0.601	0	4	COTL1
0	1.03994738123882	0.88	0.577	0	4	NEAT1
0	0.728528266230015	0.519	0.237	0	4	NAMPT
0	0.811719631320591	0.611	0.329	0	4	NCF1
0	1.51923793775298	0.969	0.708	0	4	S100A11
0	0.944686397975776	0.447	0.186	0	4	BCL2A1
0	3.67683385563242	0.287	0.033	0	4	MRC1
0	0.476265821362573	0.358	0.106	0	4	DAB2
0	0.524149260579458	0.445	0.194	0	4	PECAM1
0	1.08024345273171	0.248	0.049	0	4	IL1B
0	0.223882384833121	0.3	0.104	0	4	CX3CR1
0	0.286584814448106	0.443	0.251	0	4	SOD2
0	0.311103618557696	0.735	0.566	0	4	IER2
0	1.45880711362269	0.982	0.818	0	4	S100A6
0	1.61192544659872	0.25	0.1	0	4	CCL3L1
0	1.87083650419811	0.988	0.847	0	4	CD74
0	0.526751887253335	0.977	0.895	0	4	H3F3A
0	0.283874029137895	0.975	0.929	0	4	GAPDH
0	1.28121622846194	1	0.957	0	4	FTL
0	1.11072413562917	0.997	0.954	0	4	FTH1
0	0.73808328296944	0.999	0.985	0	4	TMSB10
0	0.275065033966571	0.999	0.992	0	4	TMSB4X
0	3.7247912529121	0.958	0.151	0	5	CD68
0	3.61088578774165	0.906	0.109	0	5	CD14
0	2.25094525279521	0.973	0.204	0	5	AIF1
0	4.61461181797595	0.831	0.066	0	5	DAB2
0	2.55671489519198	0.915	0.156	0	5	SPI1
0	3.73626495271584	0.844	0.094	0	5	MAFB
0	3.08186307041704	0.945	0.197	0	5	FCGRT
0	1.82941408459458	0.958	0.213	0	5	CST3
0	2.4738646079425	0.855	0.121	0	5	MS4A6A
0	4.40085603863148	0.852	0.127	0	5	CTSL
0	5.0938949520542	0.781	0.056	0	5	APOC1
0	3.4847744382538	0.929	0.219	0	5	GLUL
0	4.7270316763562	0.775	0.072	0	5	C1QA
0	2.09213998966224	0.846	0.143	0	5	IFI30
0	1.20929572879286	0.848	0.152	0	5	LYZ
0	1.87928352528393	0.965	0.271	0	5	FCER1G
0	3.03384703182705	0.904	0.214	0	5	CTSZ
0	3.77169410516187	0.924	0.236	0	5	CTSD
0	5.00776681120252	0.741	0.054	0	5	APOE
0	4.70588667368583	0.744	0.06	0	5	C1QC
0	1.7003052686033	0.861	0.178	0	5	LST1
0	1.65983246245279	0.807	0.124	0	5	SERPINA1
0	4.91689145917272	0.744	0.066	0	5	C1QB
0	1.75933025308393	0.797	0.13	0	5	S100A9
0	2.12694279791728	0.991	0.352	0	5	TYROBP
0	3.91002131619681	0.979	0.341	0	5	CTSB
0	1.76075204789599	0.728	0.102	0	5	S100A8
0	1.7381639908613	0.811	0.195	0	5	FCGR3A
0	2.48903905926268	0.957	0.343	0	5	NPC2
0	3.50233247539337	0.798	0.202	0	5	FABP5
0	1.72146183068467	0.924	0.336	0	5	CTSS
0	1.02825704935428	0.854	0.28	0	5	IFITM3
0	1.71951199289804	0.662	0.108	0	5	PLAUR
0	1.14575838501318	0.831	0.316	0	5	TIMP1
0	1.38355250837296	0.905	0.393	0	5	HLA-DRA
0	3.18107609892186	0.991	0.515	0	5	PSAP
0	1.27820493426975	0.7	0.228	0	5	HLA-DQB1
0	1.45587433351389	0.663	0.233	0	5	SOD2
0	0.367761526549706	0.764	0.336	0	5	EFHD2
0	0.845311939628724	0.652	0.227	0	5	NAMPT
0	0.738973402910901	0.583	0.169	0	5	MEF2C
0	0.710693783385	0.513	0.1	0	5	FCN1
0	1.7166087430445	0.939	0.536	0	5	SAT1
0	1.03021652214517	0.907	0.509	0	5	HLA-DPA1
0	1.21669874156121	0.479	0.089	0	5	CSTA
0	1.13193908364986	0.884	0.498	0	5	HLA-DRB1
0	0.811569841528905	0.883	0.498	0	5	HLA-DPB1
0	1.67115396850807	0.945	0.572	0	5	NEAT1
0	0.760098875660731	0.655	0.284	0	5	HLA-DQA1
0	0.778519830493339	0.537	0.178	0	5	BCL2A1
0	0.398004458703408	0.635	0.328	0	5	NCF1
0	0.598717186610064	0.906	0.601	0	5	COTL1
0	0.329132199013418	0.477	0.173	0	5	CD83
0	1.56048978369127	0.984	0.707	0	5	S100A11
0	2.31796010676186	0.281	0.034	0	5	MRC1
0	0.454090179667234	0.24	0.05	0	5	IL1B
0	1.45757882010921	0.286	0.097	0	5	CCL3L1
0	0.530589330617413	0.973	0.819	0	5	S100A6
0	1.01343926295759	0.987	0.848	0	5	CD74
0	0.215954530887877	0.983	0.928	0	5	GAPDH
0	2.07729544224401	0.999	0.954	0	5	FTH1
0	3.35763335541776	0.999	0.957	0	5	FTL
0	0.56852345776239	0.998	0.986	0	5	TMSB10
0	2.09638085963163	0.984	0.409	0	6	NKG7
0	2.89832645707121	0.624	0.087	0	6	FGFBP2
0	2.07991037239645	0.814	0.277	0	6	PRF1
0	2.42159111886931	0.684	0.149	0	6	KLRD1
0	2.61117635345746	0.684	0.169	0	6	GZMB
0	1.59737168574162	0.865	0.371	0	6	CTSW
0	1.95698023713056	0.947	0.456	0	6	CST7
0	0.587449857335646	0.847	0.374	0	6	TYROBP
0	2.46147207339067	0.755	0.283	0	6	NR4A2
0	1.71671350203507	0.819	0.358	0	6	GZMA
0	1.66405332167975	0.68	0.221	0	6	GZMH
0	1.82532107381296	0.854	0.398	0	6	CD247
0	2.70857350495898	0.504	0.081	0	6	SPON2
0	1.10050998846753	0.913	0.491	0	6	CCL5
0	2.9736520046258	0.474	0.054	0	6	KLRF1
0	3.0434754989077	0.514	0.105	0	6	XCL2
0	3.08941248472473	0.765	0.362	0	6	CCL4
0	2.76488746423518	0.543	0.158	0	6	GNLY
0	1.50783469582924	0.84	0.471	0	6	CD7
0	1.83601196061509	0.587	0.222	0	6	FCGR3A
0	3.11406909469404	0.463	0.101	0	6	XCL1
0	2.93823904642809	0.407	0.048	0	6	SH2D1B
0	0.567531330793695	0.662	0.304	0	6	FCER1G
0	1.81021428445382	0.569	0.211	0	6	HOPX
0	1.90489247324131	0.716	0.362	0	6	DUSP2
0	1.64899054131842	0.551	0.2	0	6	CLIC3
0	1.65961625057167	0.548	0.197	0	6	MATK
0	1.44851526603388	0.735	0.384	0	6	CD69
0	2.58554402635512	0.42	0.084	0	6	TRDC
0	1.55690977557578	0.57	0.239	0	6	IL2RB
0	0.977008964924461	0.708	0.382	0	6	GZMM
0	1.48674374461805	0.61	0.295	0	6	TRBC1
0	1.45925059047828	0.571	0.269	0	6	KLRB1
0	1.05175760844455	0.62	0.349	0	6	TNFAIP3
0	2.16817253515055	0.36	0.104	0	6	CX3CR1
0	0.170790780022494	0.884	0.63	0	6	IL32
0	1.54221019421865	0.508	0.258	0	6	CMC1
0	1.21780298005484	0.715	0.466	0	6	BTG2
0	1.35010997632796	0.684	0.454	0	6	NFKBIA
0	1.43401230207248	0.591	0.37	0	6	DDIT4
0	0.336763911120656	0.912	0.693	0	6	PTPRCAP
0	1.22854477513848	0.569	0.357	0	6	EFHD2
0	0.666278843129887	0.716	0.505	0	6	DUSP1
0	1.20506079032626	0.478	0.269	0	6	CREM
0	1.34310200789534	0.865	0.657	0	6	ZFP36
0	1.30874498917785	0.77	0.567	0	6	IER2
0	0.792286942288762	0.842	0.641	0	6	JUNB
0	1.3700628318736	0.74	0.545	0	6	LITAF
0	0.792029287536688	0.933	0.749	0	6	IFITM1
0	0.620408533806458	0.774	0.601	0	6	RARRES3
0	0.77264197089746	0.63	0.46	0	6	DNAJB1
0	0.920354650105187	0.884	0.716	0	6	HCST
0	0.533529590208158	0.572	0.412	0	6	CXCR4
0	1.75420130064017	0.228	0.07	0	6	KLRC1
0	1.08304258795603	0.901	0.767	0	6	IFITM2
0	0.73077620809944	0.563	0.431	0	6	SLC2A3
0	0.412079582098377	0.628	0.503	0	6	STK17A
0	1.40224312892698	0.213	0.105	0	6	CCL3L1
0	0.680504266738396	0.696	0.595	0	6	SRSF7
0	0.751502889594173	0.847	0.753	0	6	ZFP36L2
0	0.17942451840009	0.346	0.264	0	6	RGS1
0	0.571785102032445	0.954	0.881	0	6	BTG1
0	0.234111782781919	0.45	0.388	0	6	XBP1
0	0.477230912633377	0.912	0.871	0	6	HSPA8
0	0.428039514105131	0.989	0.967	0	6	EIF1
0	0.212507774385126	0.98	0.964	0	6	HLA-A
0	0.10838739963164	0.906	0.915	0	6	PPIA
0	0.178240033121093	0.961	0.953	0	6	HLA-C
0	0.320440544059658	0.995	0.989	0	6	HLA-B
0	0.313420894918421	1	0.998	0	6	B2M
0	8.03192683609777	0.948	0.033	0	7	MZB1
0	10.2456222644173	0.964	0.055	0	7	JCHAIN
0	8.12608529056859	0.903	0.015	0	7	DERL3
0	4.01946729356774	0.927	0.046	0	7	CD79A
0	10.141716406636	0.806	0.032	0	7	IGHA1
0	3.71303676460845	0.865	0.19	0	7	FKBP11
0	7.84712413287863	0.677	0.004	0	7	TNFRSF17
0	4.12764506367319	0.814	0.153	0	7	PRDX4
0	9.31550402815131	0.683	0.035	0	7	IGKC
0	3.86475289504187	0.933	0.3	0	7	SEC11C
0	8.41731848321913	0.629	0.011	0	7	IGLL5
0	3.02028920695348	0.915	0.334	0	7	FKBP2
0	4.16883930814999	0.605	0.028	0	7	POU2AF1
0	2.75446489053213	0.884	0.353	0	7	SSR3
0	3.35602491513518	0.868	0.366	0	7	XBP1
0	3.20697294996755	0.862	0.366	0	7	HERPUD1
0	10.3061211002809	0.505	0.009	0	7	IGHA2
0	2.27576646092239	0.945	0.523	0	7	SPCS1
0	1.43551642919558	0.593	0.18	0	7	MEF2C
0	3.2405841831515	0.959	0.561	0	7	HSP90B1
0	1.36138128418553	0.801	0.464	0	7	BTG2
0	4.16470697269698	0.995	0.67	0	7	SSR4
0	1.57704589873397	0.36	0.049	0	7	RALGPS2
0	0.989093479984186	0.77	0.504	0	7	DUSP1
0	0.418921823293883	0.504	0.256	0	7	RGS1
0	0.764746435159593	0.695	0.458	0	7	DNAJB1
0	0.30282277534011	0.334	0.102	0	7	CD79B
0	1.16318230792305	0.256	0.03	0	7	CD19
0	0.660739621828671	0.677	0.457	0	7	NFKBIA
0	1.1293234437074	0.765	0.569	0	7	IER2
0	8.90642059130806	0.906	0.006	0	8	MS4A1
0	4.45810419462376	0.894	0.055	0	8	CD79A
0	7.68795370766603	0.697	0.014	0	8	BANK1
0	4.70150220199724	0.712	0.086	0	8	CD79B
0	7.75723791859434	0.625	0.009	0	8	VPREB3
0	9.22547369538162	0.588	0.004	0	8	LINC00926
0	7.0063996756621	0.587	0.016	0	8	CD19
0	5.46213379443443	0.596	0.041	0	8	RALGPS2
0	4.53843845091511	0.637	0.096	0	8	HVCN1
0	2.4034078496881	0.879	0.412	0	8	HLA-DRA
0	3.13731737841224	0.647	0.181	0	8	MEF2C
0	2.34453232423777	0.685	0.246	0	8	HLA-DQB1
0	2.53124744402184	0.708	0.295	0	8	HLA-DQA1
0	3.59777012631972	0.577	0.179	0	8	CD83
0	3.64405210819412	0.396	0.043	0	8	POU2AF1
0	2.31102239439521	0.674	0.337	0	8	NCF1
0	1.62178784305626	0.742	0.406	0	8	CXCR4
0	1.54474779203106	0.843	0.514	0	8	HLA-DPB1
0	1.7489139669571	0.841	0.514	0	8	HLA-DRB1
0	1.5280730747628	0.851	0.526	0	8	HLA-DPA1
0	1.53675682319677	0.708	0.392	0	8	CD69
0	0.884348697285744	0.787	0.473	0	8	LTB
0	0.661370344269612	0.539	0.302	0	8	NR4A2
0	2.43753783601868	0.986	0.761	0	8	CD37
0	0.386294320864709	0.92	0.696	0	8	PTPRCAP
0	1.38357142252904	0.606	0.382	0	8	HERPUD1
0	0.829117405761859	0.717	0.501	0	8	STK17A
0	0.909114084488831	0.713	0.509	0	8	DUSP1
0	0.878388021969	0.675	0.472	0	8	BTG2
0	1.17967880524045	0.425	0.229	0	8	BIRC3
0	0.620356205442216	0.781	0.647	0	8	JUNB
0	2.21476052926812	0.979	0.853	0	8	CD74
0	0.125269230306737	0.482	0.378	0	8	CTSS
0	0.667209156790137	0.537	0.435	0	8	SLC2A3
0	0.342398296256445	0.564	0.466	0	8	DNAJB1
0	0.957388507149032	0.968	0.882	0	8	BTG1
0	0.482346063062375	0.682	0.597	0	8	SRSF7
0	0.674524452939919	0.658	0.576	0	8	IER2
0	0.606023213193881	0.275	0.203	0	8	BCL2A1
0	0.102744228636467	0.337	0.266	0	8	RGS1
0	0.322301996966886	0.984	0.968	0	8	RPL5
0	0.333548023165087	0.991	0.98	0	8	RPS25
0	0.214630027199585	0.978	0.968	0	8	EIF1
0	0.674856546663433	0.997	0.987	0	8	RPL8
0	0.333234223334524	0.993	0.986	0	8	RPS3A
0	0.615126918471321	0.997	0.991	0	8	RPS8
0	0.40756876440549	0.991	0.985	0	8	RPS18
0	0.142443150065276	0.908	0.902	0	8	H3F3A
0	0.42764390957799	0.998	0.993	0	8	RPL11
0	0.347533593252302	0.998	0.993	0	8	RPL34
0	0.322722122366216	0.993	0.988	0	8	RPL37
0	0.381687192867729	0.998	0.994	0	8	RPL19
0	0.412259816315547	0.997	0.994	0	8	RPL32
0	0.253581851877076	0.998	0.995	0	8	RPL13
0	0.317998579350077	0.999	0.996	0	8	RPL30
0	0.272317241683963	0.999	0.997	0	8	EEF1A1
0	0.155797502106985	0.999	0.997	0	8	RPL10
0	0.245077188047529	0.998	0.996	0	8	RPS28
0	0.102923956145792	0.997	0.996	0	8	RPS12
0	4.33081785837837	0.801	0.092	0	9	FGFBP2
0	3.12657173767322	0.806	0.155	0	9	KLRD1
0	4.11715981014171	0.704	0.054	0	9	KLRF1
0	3.1618353970261	0.915	0.285	0	9	PRF1
0	4.04929535222379	0.678	0.083	0	9	SPON2
0	2.63909792163561	0.989	0.421	0	9	NKG7
0	2.4704373645935	0.794	0.227	0	9	GZMH
0	2.48625569186476	0.935	0.379	0	9	CTSW
0	2.96082967190281	0.733	0.178	0	9	GZMB
0	2.98141816536641	0.768	0.222	0	9	FCGR3A
0	1.08280636421871	0.909	0.382	0	9	TYROBP
0	2.66818011477517	0.716	0.201	0	9	CLIC3
0	3.97874898680279	0.609	0.099	0	9	CX3CR1
0	2.25228145267612	0.913	0.406	0	9	CD247
0	2.13640857992981	0.958	0.466	0	9	CST7
0	3.50857387971766	0.534	0.05	0	9	SH2D1B
0	2.46148448130571	0.692	0.214	0	9	HOPX
0	2.70013499874049	0.798	0.352	0	9	EFHD2
0	1.1472194908057	0.754	0.308	0	9	FCER1G
0	1.43240745244824	0.812	0.368	0	9	GZMA
0	3.41741545131414	0.602	0.165	0	9	GNLY
0	2.07329938300142	0.636	0.201	0	9	MATK
0	2.23839767429714	0.723	0.297	0	9	TRBC1
0	1.08602297724734	0.921	0.5	0	9	CCL5
0	1.44598752378781	0.783	0.386	0	9	GZMM
0	2.33083760359916	0.444	0.091	0	9	TRDC
0	1.21267761232591	0.832	0.48	0	9	CD7
0	1.64029976552999	0.61	0.274	0	9	KLRB1
0	1.35124591144575	0.556	0.247	0	9	IL2RB
0	0.624185320244565	0.934	0.697	0	9	PTPRCAP
0	1.56486032127917	0.782	0.547	0	9	LITAF
0	0.142078060173421	0.867	0.636	0	9	IL32
0	0.82748856947549	0.82	0.603	0	9	RARRES3
0	1.34228898025911	0.474	0.265	0	9	CMC1
0	1.14389153188077	0.322	0.122	0	9	XCL2
0	1.22606990701764	0.915	0.718	0	9	HCST
0	1.02125791659902	0.949	0.752	0	9	IFITM1
0	0.921610543000463	0.579	0.384	0	9	XBP1
0	1.36929121834093	0.926	0.769	0	9	IFITM2
0	1.38640772014867	0.211	0.074	0	9	KLRC1
0	0.369384365006287	0.231	0.119	0	9	XCL1
0	0.256897421816297	0.313	0.222	0	9	FKBP11
0	0.171960364429228	0.817	0.769	0	9	CD37
0	0.637211464767866	0.976	0.953	0	9	HLA-C
0	0.375599871193391	0.933	0.914	0	9	PPIA
0	0.359338577382792	0.979	0.965	0	9	HLA-A
0	0.256303466096232	0.913	0.901	0	9	H3F3A
0	0.670187921276	0.999	0.989	0	9	HLA-B
0	0.17043147378854	0.996	0.992	0	9	TMSB4X
0	0.586351534173513	1	0.999	0	9	B2M
0	4.59371226610871	0.875	0.126	0	10	PLAUR
0	2.84102598963552	0.882	0.154	0	10	SERPINA1
0	2.29137246035151	0.965	0.24	0	10	AIF1
0	2.97612394301673	0.907	0.183	0	10	LYZ
0	2.98258224827709	0.921	0.208	0	10	LST1
0	2.30057771921937	0.955	0.248	0	10	CST3
0	2.33174134721699	0.895	0.192	0	10	SPI1
0	2.72430387153607	0.87	0.175	0	10	IFI30
0	1.48216981337561	0.85	0.193	0	10	CD68
0	2.11440959966385	0.959	0.304	0	10	FCER1G
0	3.16132397414343	0.882	0.239	0	10	NAMPT
0	3.30084975707665	0.799	0.186	0	10	BCL2A1
0	1.99701650627285	0.769	0.162	0	10	S100A9
0	2.87653740537001	0.716	0.112	0	10	FCN1
0	1.53268250630904	0.977	0.383	0	10	TYROBP
0	2.33202517191366	0.932	0.363	0	10	CTSS
0	1.79371659349067	0.868	0.306	0	10	IFITM3
0	3.21392085929788	0.808	0.248	0	10	SOD2
0	1.90634230623728	0.689	0.133	0	10	S100A8
0	2.55899062226215	0.891	0.339	0	10	TIMP1
0	5.98363039335931	0.599	0.047	0	10	IL1B
0	1.14826600498603	0.677	0.155	0	10	CD14
0	1.0140307257832	0.757	0.239	0	10	FCGRT
0	2.62371725679599	0.617	0.103	0	10	CSTA
0	1.29293533535163	0.758	0.251	0	10	CTSZ
0	1.91493758888355	0.919	0.416	0	10	HLA-DRA
0	1.1297887833352	0.661	0.162	0	10	MS4A6A
0	2.37103236140399	0.678	0.18	0	10	CD83
0	1.03037070643087	0.865	0.376	0	10	NPC2
0	1.82821978718947	0.716	0.249	0	10	HLA-DQB1
0	0.441083149672299	0.837	0.376	0	10	CTSB
0	0.710974962064165	0.74	0.297	0	10	NR4A2
0	1.363682739977	0.669	0.229	0	10	FCGR3A
0	2.2186707782827	0.531	0.092	0	10	VCAN
0	0.697017013699821	0.693	0.261	0	10	GLUL
0	1.11654202577853	0.571	0.139	0	10	MAFB
0	1.33387659143987	0.964	0.539	0	10	PSAP
0	1.48315332541328	0.62	0.2	0	10	PECAM1
0	1.85939216405682	0.707	0.3	0	10	HLA-DQA1
0	1.84603627995098	0.926	0.527	0	10	HLA-DPA1
0	2.42212082615108	0.948	0.555	0	10	SAT1
0	1.78546095247224	0.903	0.515	0	10	HLA-DPB1
0	1.22651153741541	0.884	0.505	0	10	DUSP1
0	1.64062798883188	0.894	0.516	0	10	HLA-DRB1
0	1.8002104015456	0.834	0.456	0	10	NFKBIA
0	1.77724717807582	0.953	0.589	0	10	NEAT1
0	0.582466597124995	0.734	0.371	0	10	DUSP2
0	0.660003188995908	0.522	0.173	0	10	CTSL
0	0.750394286826572	0.527	0.191	0	10	MEF2C
0	0.412825996670813	0.695	0.359	0	10	EFHD2
0	0.376277830764707	0.685	0.354	0	10	TNFAIP3
0	1.2252133986082	0.912	0.616	0	10	COTL1
0	0.458796608429689	0.711	0.43	0	10	SLC2A3
0	0.750463838769674	0.923	0.644	0	10	JUNB
0	0.610462011953238	0.502	0.229	0	10	BIRC3
0	0.922074212304744	0.933	0.661	0	10	ZFP36
0	0.605330519504779	0.806	0.548	0	10	LITAF
0	1.08239570085269	0.967	0.721	0	10	S100A11
0	2.14081681221017	0.328	0.104	0	10	CCL3L1
0	0.265736372603438	0.784	0.572	0	10	IER2
0	0.294355783370707	0.556	0.345	0	10	NCF1
0	0.149430076272165	0.304	0.113	0	10	CX3CR1
0	0.160741346467793	0.287	0.115	0	10	HVCN1
0	0.343413632470166	0.924	0.77	0	10	IFITM2
0	1.05730471792191	0.979	0.826	0	10	S100A6
0	1.50035953811853	0.989	0.854	0	10	CD74
0	0.625720521047135	0.986	0.899	0	10	H3F3A
0	0.582169413385282	0.12	0.051	0	10	MRC1
0	0.175066779255894	0.982	0.931	0	10	GAPDH
0	2.14844584842652	1	0.956	0	10	FTH1
0	0.661428427715464	1	0.959	0	10	FTL
0	0.135745914218917	0.996	0.968	0	10	EIF1
0	0.2856730609324	0.998	0.986	0	10	TMSB10
0	2.77511534048293	0.755	0.164	0	11	KLRD1
0	2.34132336027564	0.93	0.385	0	11	CTSW
0	1.8399384868708	0.971	0.428	0	11	NKG7
0	1.41075363440461	0.926	0.387	0	11	TYROBP
0	2.62768121754933	0.739	0.202	0	11	MATK
0	3.67622434852697	0.585	0.054	0	11	SH2D1B
0	2.80819209272164	0.773	0.244	0	11	IL2RB
0	2.71571955310629	0.707	0.206	0	11	CLIC3
0	3.72608855155564	0.579	0.09	0	11	TRDC
0	3.10045855939709	0.597	0.116	0	11	XCL2
0	1.24962177268074	0.781	0.312	0	11	FCER1G
0	3.29137133761466	0.576	0.11	0	11	XCL1
0	1.33369077234426	0.729	0.297	0	11	PRF1
0	2.95032731139895	0.692	0.26	0	11	CMC1
0	2.02233866225538	0.904	0.481	0	11	CD7
0	1.41004739699	0.91	0.505	0	11	CCL5
0	1.24944667507182	0.773	0.374	0	11	GZMA
0	1.0447607063272	0.873	0.474	0	11	CST7
0	2.14638164409734	0.669	0.275	0	11	KLRB1
0	1.33728709623955	0.807	0.415	0	11	CD247
0	2.49720624327024	0.448	0.068	0	11	KLRF1
0	1.92086033150255	0.579	0.222	0	11	HOPX
0	1.24026938430016	0.74	0.392	0	11	GZMM
0	3.63389067027809	0.416	0.069	0	11	KLRC1
0	1.51564649573784	0.814	0.502	0	11	STK17A
0	1.24959015116033	0.599	0.306	0	11	TRBC1
0	1.12442781163006	0.515	0.223	0	11	GZMK
0	1.85352527068559	0.438	0.174	0	11	GNLY
0	0.679499983152072	0.95	0.699	0	11	PTPRCAP
0	0.936677363168566	0.815	0.605	0	11	RARRES3
0	1.43869079321715	0.963	0.754	0	11	IFITM1
0	1.30477319370686	0.911	0.721	0	11	HCST
0	0.219095647288947	0.562	0.382	0	11	CCL4
0	1.61894663797298	0.94	0.77	0	11	IFITM2
0	0.121574986061718	0.642	0.49	0	11	CD2
0	0.750983645897136	0.482	0.367	0	11	EFHD2
0	0.327305879172263	0.934	0.884	0	11	BTG1
0	0.133563134933221	0.799	0.77	0	11	CD37
0	0.421189559879879	0.97	0.953	0	11	HLA-C
0	0.409218503165223	0.981	0.965	0	11	HLA-A
0	0.168123644832734	0.907	0.915	0	11	PPIA
0	0.132204389354253	0.894	0.902	0	11	H3F3A
0	0.45753906483768	0.996	0.989	0	11	HLA-B
0	0.155637327346384	1	0.994	0	11	RPL19
0	0.275670768151619	0.997	0.992	0	11	TMSB4X
0	0.20885842568538	1	0.996	0	11	RPL30
0	0.110190877615939	0.985	0.981	0	11	RPL14
0	0.173886254159578	1	0.996	0	11	RPS28
0	0.132767543682112	1	0.997	0	11	RPL10
0	0.118543597512671	0.983	0.981	0	11	RPS25
0	0.152762672443147	1	0.999	0	11	B2M
8.88178419700125e-16	0.515999557353013	0.163	0.119	1.77635683940025e-13	11	HVCN1
0	2.08538768237322	0.756	0.255	0	12	AIF1
0	1.28814697844118	0.761	0.262	0	12	CST3
0	1.90360842854937	0.663	0.198	0	12	LYZ
0	3.63245630633281	0.565	0.104	0	12	APOC1
0	2.26775152030686	0.659	0.206	0	12	CD68
0	1.22547308519913	0.845	0.394	0	12	TYROBP
0	3.56483187382734	0.541	0.099	0	12	APOE
0	3.34904676394946	0.557	0.119	0	12	C1QA
0	3.6632263706629	0.531	0.106	0	12	C1QC
0	3.30550441998056	0.52	0.111	0	12	C1QB
0	2.32195833618531	0.811	0.426	0	12	HLA-DRA
0	1.38341641275869	0.701	0.318	0	12	FCER1G
0	1.96077348842655	0.536	0.21	0	12	SPI1
0	1.87619253700697	0.494	0.173	0	12	MS4A6A
0	1.79843388539918	0.696	0.386	0	12	NPC2
0	2.2775326625562	0.562	0.259	0	12	HLA-DQB1
0	2.5382116183187	0.611	0.308	0	12	HLA-DQA1
0	2.17450106368738	0.802	0.523	0	12	HLA-DPB1
0	1.36668021187972	0.663	0.386	0	12	CTSB
0	2.11443582477317	0.8	0.535	0	12	HLA-DPA1
0	1.62557432974327	0.81	0.548	0	12	PSAP
0	1.81998767368046	0.75	0.524	0	12	HLA-DRB1
0	1.5689138802923	0.474	0.252	0	12	FCGRT
0	1.20478472097721	0.415	0.228	0	12	LST1
0	1.53593893650892	0.357	0.181	0	12	CTSL
0	1.33563255361061	0.439	0.265	0	12	CTSZ
0	1.62844713251743	0.416	0.246	0	12	FABP5
0	0.689887090294915	0.485	0.322	0	12	IFITM3
0	1.28888517176018	0.423	0.272	0	12	GLUL
0	1.05295166437788	0.691	0.565	0	12	SAT1
0	0.952920043424809	0.321	0.196	0	12	IFI30
0	0.627107206695227	0.166	0.044	0	12	MS4A1
0	1.19693122475058	0.395	0.288	0	12	CTSD
0	0.561545122122776	0.274	0.171	0	12	CD14
0	1.68542681337797	0.226	0.125	0	12	DAB2
0	1.76870402789909	0.956	0.857	0	12	CD74
0	0.964942548655582	0.467	0.381	0	12	CTSS
0	0.87963972402884	0.809	0.727	0	12	S100A11
0	0.46367341390027	0.854	0.916	0	12	PPIA
0	2.22558383291509	0.995	0.96	0	12	FTL
0	0.843430190752082	0.979	0.957	0	12	FTH1
0	0.574363168259314	0.911	0.933	0	12	GAPDH
0	0.322614565578712	0.982	0.987	0	12	TMSB10
0	0.509348659926976	0.993	0.992	0	12	TMSB4X
1.14135196722918e-10	0.309143015862797	0.248	0.354	2.28270393445836e-08	12	NCF1
0.00434580686165398	0.237884306531996	0.577	0.627	0.869161372330796	12	COTL1
0	12.3196610468826	0.818	0.002	0	13	COL1A1
0	12.8938132891306	0.729	0.001	0	13	DCN
0	3.39929402901637	0.72	0.099	0	13	SPON2
0	0.53330766346312	0.879	0.264	0	13	CST3
0	3.51538413037365	0.924	0.317	0	13	IFITM3
0	4.73889409522027	0.924	0.35	0	13	TIMP1
0	1.39155934964477	0.728	0.25	0	13	FCGRT
0	1.55775804716803	0.552	0.103	0	13	APOE
0	1.97683494164209	0.619	0.182	0	13	PRDX4
0	2.61519195508504	0.534	0.102	0	13	VCAN
0	0.573581331327647	0.769	0.387	0	13	NPC2
0	5.67080634186224	0.389	0.026	0	13	KRT18
0	1.48853421595132	0.53	0.198	0	13	MEF2C
0	0.991781579151886	0.69	0.361	0	13	FKBP2
0	1.01626207813718	0.68	0.377	0	13	SSR3
0	1.14851331727842	0.409	0.123	0	13	DAB2
0	5.09440733800335	0.308	0.023	0	13	KRT8
0	0.733789786510501	0.832	0.579	0	13	HSP90B1
0	1.30262656896823	0.493	0.264	0	13	SOD2
0	0.395072822963749	0.471	0.246	0	13	FABP5
0	0.299735911874504	0.826	0.615	0	13	LDHB
0	0.797483076662925	0.935	0.726	0	13	S100A11
0	0.330995524648113	0.786	0.599	0	13	NEAT1
0	0.193569634475662	0.719	0.543	0	13	SPCS1
0	4.70105315482327	0.194	0.022	0	13	KRT19
0	0.363913906301756	0.815	0.651	0	13	JUNB
0	0.954813362136754	0.935	0.773	0	13	IFITM2
0	0.397876642956711	0.123	0.006	0	13	VWF
0	1.43862082999738	0.929	0.83	0	13	S100A6
0	0.576357824280849	0.962	0.901	0	13	H3F3A
0	0.583789281707329	0.962	0.914	0	13	PPIA
0	1.08215151301963	0.977	0.932	0	13	GAPDH
0	0.350002866122309	0.994	0.957	0	13	FTH1
0	0.700858620270707	0.993	0.969	0	13	RPL5
0	0.400960510238003	0.991	0.981	0	13	RPL14
0	0.748213400994656	0.996	0.986	0	13	TMSB10
0	0.473151071266312	0.998	0.988	0	13	RPL8
0	0.596229415795914	0.999	0.99	0	13	TPT1
0	0.452888928387979	0.997	0.988	0	13	RPL37
0	0.266021871816169	0.994	0.986	0	13	RPS3A
0	0.763921236724808	0.998	0.991	0	13	RPS8
0	0.26773881955881	0.992	0.986	0	13	RPS18
0	0.318095138244941	0.999	0.994	0	13	RPL32
0	0.28765529700344	0.998	0.993	0	13	RPL11
0	0.237722936782514	1	0.995	0	13	RPL13
0	0.174447155303302	1	0.996	0	13	RPS28
0	0.595307579183848	1	0.997	0	13	EEF1A1
0	0.276031081071338	0.999	0.997	0	13	RPL10
0	0.188059598435086	0.994	0.993	0	13	RPL34
4.85429474395005e-11	0.146628383001361	0.985	0.969	9.7085894879001e-09	13	EIF1
0	2.49202918728599	0.616	0.384	0	14	GZMA
0	2.26948200560435	0.742	0.515	0	14	CCL5
0	1.98742270732696	0.809	0.588	0	14	CD3E
0	1.94940862490815	0.85	0.644	0	14	IL32
0	1.90563922641417	0.629	0.443	0	14	NKG7
0	2.45309440242359	0.431	0.248	0	14	GZMH
0	2.08396304849195	0.664	0.484	0	14	CST7
0	2.14463245908218	0.652	0.48	0	14	CD3D
0	2.26591856810318	0.657	0.493	0	14	CD2
0	0.897773375650706	0.814	0.967	0	14	HLA-A
0	2.34969979795326	0.412	0.261	0	14	CD8A
0	2.37112491950944	0.406	0.258	0	14	IL2RB
0	2.56487465496292	0.373	0.231	0	14	GZMK
0	1.32871978788658	0.746	0.887	0	14	BTG1
0	2.2483834182565	0.525	0.392	0	14	CD3G
0	2.16842041241043	0.557	0.425	0	14	CD247
0	2.29924082410157	0.533	0.401	0	14	GZMM
0	2.3710572134553	0.343	0.216	0	14	CD8B
0	2.22843653604703	0.325	0.199	0	14	GZMB
0	2.48047590077798	0.505	0.384	0	14	SPOCK2
0	1.98053480693997	0.428	0.309	0	14	PRF1
0	0.621299855631241	0.876	0.99	0	14	HLA-B
0	2.20625893386802	0.426	0.313	0	14	TRBC1
0	2.34604128430885	0.482	0.386	0	14	CCL4
0	2.89182118290145	0.219	0.124	0	14	ICOS
0	1.79713109790401	0.587	0.493	0	14	CD7
0	2.20263973212158	0.493	0.405	0	14	CD69
0	2.08305485430442	0.369	0.286	0	14	KLRB1
0	2.06451002103199	0.26	0.181	0	14	KLRD1
0	1.7776476299775	0.477	0.401	0	14	CTSW
0	2.36878119149492	0.439	0.365	0	14	TNFAIP3
0	1.21685898345148	0.707	0.761	0	14	IFITM1
0	2.04469834190572	0.471	0.421	0	14	CXCR4
0	1.68628206290434	0.571	0.612	0	14	RARRES3
0	1.3810064649057	0.729	0.706	0	14	PTPRCAP
0	0.538765436403271	0.976	0.999	0	14	B2M
0	1.6879068098972	0.5	0.511	0	14	STK17A
3.33714694875275e-24	0.251117715700312	0.165	0.394	6.67429389750551e-22	14	XBP1
1.09577726947828e-23	0.512879135088329	0.152	0.372	2.19155453895657e-21	14	EFHD2
6.00091836755435e-19	0.233314133604262	0.4	0.774	1.20018367351087e-16	14	CD37
3.55064987270604e-17	0.162207161748782	0.08	0.215	7.10129974541209e-15	14	PECAM1
9.74712507115215e-17	0.450648612768085	0.31	0.57	1.94942501423043e-14	14	SAT1
2.22044604925031e-16	2.21336310995342	0.208	0.129	4.44089209850063e-14	14	XCL2
9.50736766290045e-16	0.286502291928054	0.081	0.208	1.90147353258009e-13	14	BCL2A1
1.33226762955019e-15	1.96545234348666	0.268	0.181	2.66453525910038e-13	14	GNLY
1.99709156418969e-15	0.117118783436243	0.502	0.834	3.99418312837938e-13	14	S100A6
1.99840144432528e-15	2.21939714683432	0.2	0.123	3.99680288865056e-13	14	XCL1
3.77475828372553e-15	0.701421147674145	0.741	0.955	7.54951656745106e-13	14	HLA-C
5.77315972805081e-15	1.97918509046484	0.413	0.383	1.15463194561016e-12	14	DUSP2
2.02073848440963e-13	0.504393613155401	0.127	0.268	4.04147696881926e-11	14	SOD2
1.13065112827826e-12	2.21276827262379	0.186	0.12	2.26130225655652e-10	14	FGFBP2
2.68580262384648e-12	0.360192024617164	0.452	0.778	5.37160524769295e-10	14	IFITM2
5.31276158032328e-12	0.90421652120224	0.12	0.245	1.06255231606466e-09	14	FCGR3A
6.39043706840425e-10	2.00429120131528	0.268	0.221	1.27808741368085e-07	14	CLIC3
3.46196841170975e-09	1.02165860398687	0.139	0.261	6.92393682341951e-07	14	NAMPT
1.68231550912168e-08	1.71082146488826	0.154	0.105	3.36463101824336e-06	14	TRDC
1.9836930098549e-08	1.8900483486396	0.335	0.312	3.96738601970981e-06	14	NR4A2
2.38630143458018e-08	0.50214884932362	0.049	0.115	4.77260286916037e-06	14	CD79B
3.7998709494489e-08	1.02777353901262	0.28	0.47	7.59974189889781e-06	14	NFKBIA
7.11305899830779e-08	0.905314994752107	0.398	0.672	1.42261179966156e-05	14	ZFP36
6.43301133029794e-07	2.26772164614892	0.119	0.079	0.000128660226605959	14	KLRF1
1.02733278151135e-06	1.89686498439775	0.247	0.218	0.00020546655630227	14	MATK
1.66727581496495e-06	1.88649092563843	0.26	0.232	0.00033345516299299	14	HOPX
1.72628705685796e-06	2.02899395228175	0.39	0.44	0.000345257411371591	14	SLC2A3
2.50924938294261e-06	2.10064042555128	0.35	0.349	0.000501849876588523	14	IL7R
5.07370421874607e-06	0.766562874519816	0.373	0.604	0.00101474084374921	14	NEAT1
8.01873900229513e-06	0.64024123007272	0.526	0.877	0.00160374780045903	14	HSPA8
4.23489822198864e-05	2.02019182845779	0.112	0.079	0.00846979644397727	14	KLRC1
7.9751849761188e-05	0.802154337802412	0.144	0.227	0.0159503699522376	14	FKBP11
0.00013489565499242	0.953321852143857	0.362	0.581	0.026979130998484	14	IER2
0.00110337502676261	1.87983616734099	0.394	0.471	0.220675005352522	14	DNAJB1
0.00181528100191763	1.85720391357994	0.131	0.107	0.363056200383527	14	SPON2
0.00361089894606836	0.927534997061243	0.533	0.728	0.722179789213673	14	HCST
0.00386075214405571	0.708649125212001	0.139	0.198	0.772150428811143	14	CD83
0	2.62708435336356	0.636	0.272	0	15	GLUL
0	1.49402258733726	0.671	0.323	0	15	FCER1G
0	0.180627330065295	0.677	0.4	0	15	TYROBP
0	1.053127846808	0.562	0.323	0	15	IFITM3
0	0.802542941481994	0.553	0.356	0	15	TIMP1
0	1.86123533005515	0.389	0.196	0	15	CD83
0	1.50772875854209	0.548	0.364	0	15	TNFAIP3
0	1.42886879465301	0.569	0.404	0	15	CD69
0	1.98028702518876	0.644	0.48	0	15	BTG2
0	0.873771697642757	0.475	0.311	0	15	NR4A2
0	0.327766892753215	0.372	0.215	0	15	SPI1
0	1.4516969673665	0.39	0.237	0	15	BIRC3
0	0.86636699002313	0.436	0.289	0	15	CTSD
0	1.35701129920609	0.295	0.15	0	15	PLAUR
0	0.903585265733157	0.406	0.268	0	15	RGS1
0	2.05374228747321	0.602	0.467	0	15	NFKBIA
0	1.53610963705351	0.553	0.438	0	15	SLC2A3
0	1.3656445565023	0.493	0.383	0	15	DDIT4
0	1.63977345682225	0.694	0.601	0	15	NEAT1
0	1.30683913032871	0.599	0.517	0	15	DUSP1
0	0.574489052164199	0.684	0.617	0	15	LDHB
0	0.682763966898293	0.763	0.729	0	15	S100A11
0	0.386311129398687	0.935	0.969	0	15	EIF1
0	1.03166374451507	0.61	0.582	0	15	HSP90B1
0	0.739947106983833	0.879	0.902	0	15	H3F3A
0	1.12131115160706	0.597	0.579	0	15	IER2
0	1.17504052146239	0.941	0.958	0	15	FTH1
0	1.34243276296036	0.847	0.831	0	15	S100A6
0	0.825379842640731	0.946	0.933	0	15	GAPDH
0	0.114325646628464	0.676	0.687	0	15	SSR4
0	0.423048236787169	0.972	0.981	0	15	RPL14
0	0.612099045693696	0.765	0.771	0	15	CD37
0	0.343067584393626	0.999	0.994	0	15	RPL32
0	0.635895614078485	0.964	0.969	0	15	RPL5
0	0.420555236645589	0.989	0.993	0	15	RPL34
0	0.33992726669114	0.99	0.986	0	15	RPS3A
0	0.342146555560184	0.998	0.994	0	15	RPL19
0	0.646579679931814	0.996	0.993	0	15	RPL11
0	0.353153416618368	0.995	0.992	0	15	RPS8
0	0.476508393080382	0.995	0.997	0	15	EEF1A1
0	0.419185790159219	0.999	0.997	0	15	RPL10
0	1.09337723392514	0.672	0.67	0	15	ZFP36
0	0.58063223760678	0.776	0.775	0	15	IFITM2
0	0.399529240162264	0.987	0.988	0	15	RPL8
0	0.289033642656159	0.996	0.996	0	15	RPL30
2.22044604925031e-16	0.730294109172315	0.621	0.568	4.44089209850063e-14	15	SAT1
2.22044604925031e-16	0.797748648542213	0.642	0.653	4.44089209850063e-14	15	JUNB
1.19904086659517e-14	1.20545233527141	0.294	0.206	2.39808173319034e-12	15	BCL2A1
1.9817480989559e-12	0.381369255295533	0.835	0.874	3.96349619791181e-10	15	HSPA8
2.06168415672892e-12	0.757154127845864	0.518	0.47	4.12336831345783e-10	15	DNAJB1
2.04789740720912e-10	0.72918791170756	0.418	0.364	4.09579481441824e-08	15	FKBP2
4.8104527694548e-08	0.105996179194652	0.477	0.391	9.6209055389096e-06	15	NPC2
2.34159194922867e-07	0.398621298271676	0.884	0.915	4.68318389845734e-05	15	PPIA
3.26910694115057e-06	0.527536136344736	0.541	0.545	0.000653821388230114	15	SPCS1
2.51083476996428e-05	0.42930994471657	0.329	0.282	0.00502166953992855	15	CREM
0.00898703080533236	0.10741145980454	0.996	0.996	1	15	RPS28
0	10.7814953476567	0.734	0.002	0	16	VWF
0	5.51243274030401	0.907	0.208	0	16	PECAM1
0	3.96382539614126	0.927	0.32	0	16	IFITM3
0	2.74249540495684	0.63	0.122	0	16	DAB2
0	2.87467317955185	0.691	0.198	0	16	MEF2C
0	1.71549296037713	0.723	0.253	0	16	FCGRT
0	3.33821960076811	0.683	0.246	0	16	FABP5
0	0.701007116107347	0.714	0.389	0	16	NPC2
0	0.84082792293698	0.673	0.355	0	16	TIMP1
0	0.21377284757606	0.706	0.389	0	16	CTSB
0	0.373310161144505	0.832	0.551	0	16	PSAP
0	1.29297623513169	0.632	0.363	0	16	FKBP2
0	1.36275708911965	0.45	0.186	0	16	PRDX4
0	1.39049818653179	0.839	0.58	0	16	HSP90B1
0	0.433348386173511	0.519	0.273	0	16	GLUL
0	1.51508806631527	0.841	0.6	0	16	NEAT1
0	1.29114639029547	0.797	0.566	0	16	SAT1
0	4.58335383477502	0.253	0.025	0	16	KRT8
0	1.17110875695747	0.474	0.259	0	16	NAMPT
0	3.67882576900613	0.216	0.029	0	16	KRT18
0	0.164728272730426	0.368	0.183	0	16	CTSL
0	0.931655280753788	0.912	0.728	0	16	S100A11
0	1.63378440063951	0.947	0.774	0	16	IFITM2
0	0.764465254628338	0.545	0.38	0	16	SSR3
0	0.671386065254385	0.922	0.759	0	16	IFITM1
0	0.481445413824684	0.619	0.467	0	16	NFKBIA
0	1.70181758680648	0.964	0.83	0	16	S100A6
0	2.31355000307964	0.174	0.052	0	16	MRC1
0	3.49971118297303	0.143	0.023	0	16	KRT19
0	1.10448659149365	0.972	0.901	0	16	H3F3A
0	1.24299202320034	0.976	0.914	0	16	PPIA
0	0.675552101019894	0.987	0.953	0	16	HLA-C
0	0.701331786822784	0.966	0.932	0	16	GAPDH
0	0.551218049583769	0.987	0.965	0	16	HLA-A
0	1.4540781561266	0.999	0.986	0	16	TMSB10
0	0.353521809114177	1	0.989	0	16	HLA-B
0	0.174476971737356	0.997	0.991	0	16	RPS8
0	0.175547750132776	0.994	0.988	0	16	RPL8
0	0.262692680969875	0.995	0.99	0	16	TPT1
0	0.493496701390988	0.996	0.992	0	16	TMSB4X
0	0.659662305027665	0.999	0.996	0	16	RPS28
0	0.358906514276223	0.971	0.969	0	16	EIF1
0	0.414442817901547	0.999	0.999	0	16	B2M
1.11022302462516e-15	0.374068336563163	0.511	0.383	2.22044604925031e-13	16	DDIT4
1.33226762955019e-15	0.54609044794902	0.383	0.266	2.66453525910038e-13	16	SOD2
5.48450174164827e-14	0.231047655518873	0.745	0.617	1.09690034832965e-11	16	LDHB
3.23963078585621e-13	0.464428142901697	0.676	0.579	6.47926157171241e-11	16	IER2
1.43479170100491e-07	0.107427389188651	0.91	0.873	2.86958340200982e-05	16	HSPA8
0	4.54659428648536	0.994	0.148	0	17	S100A8
0	3.80264736615237	0.954	0.129	0	17	FCN1
0	4.08185092498509	0.98	0.18	0	17	S100A9
0	4.47146053048942	1	0.205	0	17	LYZ
0	4.22092421708385	0.903	0.109	0	17	CCL3L1
0	3.8349554825815	0.886	0.104	0	17	VCAN
0	4.36785866608725	0.894	0.117	0	17	CSTA
0	3.29377076962108	0.811	0.063	0	17	IL1B
0	2.82144278927437	0.903	0.176	0	17	SERPINA1
0	2.36528487090765	0.98	0.262	0	17	AIF1
0	1.23196709881326	0.983	0.269	0	17	CST3
0	2.54149800152996	0.894	0.196	0	17	IFI30
0	2.59088778711866	0.917	0.229	0	17	LST1
0	2.3528592129903	0.846	0.17	0	17	CD14
0	2.06381315773583	0.831	0.177	0	17	MS4A6A
0	1.88045670760965	0.974	0.323	0	17	FCER1G
0	1.8902710566846	0.994	0.401	0	17	TYROBP
0	3.16318387918317	0.969	0.38	0	17	CTSS
0	2.17448092345287	0.809	0.265	0	17	SOD2
0	1.01747274577617	0.751	0.214	0	17	CD68
0	1.57918901731711	0.751	0.214	0	17	SPI1
0	2.34324744934872	0.954	0.467	0	17	NFKBIA
0	2.25993826765985	0.68	0.205	0	17	BCL2A1
0	1.07583091832301	0.789	0.323	0	17	IFITM3
0	0.651394274176726	0.837	0.385	0	17	CCL4
0	2.06298777191685	0.783	0.35	0	17	NCF1
0	0.836781899052944	0.94	0.517	0	17	DUSP1
0	1.09894253743539	0.674	0.255	0	17	FCGRT
0	2.82623802680694	0.989	0.578	0	17	IER2
0	0.884392366679706	0.794	0.391	0	17	NPC2
0	1.1436873622372	0.943	0.552	0	17	PSAP
0	2.11274339966233	0.989	0.6	0	17	NEAT1
0	0.183556716512769	0.809	0.432	0	17	HLA-DRA
0	1.56089654795738	0.523	0.15	0	17	PLAUR
0	0.49534283561308	0.651	0.289	0	17	CTSD
0	1.5333651431604	0.617	0.259	0	17	NAMPT
0	1.19782981026745	0.923	0.567	0	17	SAT1
0	0.535720255023796	0.603	0.267	0	17	CTSZ
0	0.341683527106706	0.523	0.196	0	17	CD83
0	0.786101941437916	0.966	0.652	0	17	JUNB
0	1.11463815883822	0.937	0.625	0	17	COTL1
0	1.11264885502579	0.523	0.213	0	17	PECAM1
0	0.276143767141321	0.749	0.48	0	17	BTG2
0	0.514521403093671	0.926	0.669	0	17	ZFP36
0	1.1262387433398	0.454	0.201	0	17	MEF2C
0	0.488803083443569	0.403	0.153	0	17	MAFB
0	0.899970526148798	0.943	0.728	0	17	S100A11
0	2.02429100808891	0.997	0.831	0	17	S100A6
0	1.30457238220049	0.991	0.902	0	17	H3F3A
0	0.598248275969588	0.983	0.933	0	17	GAPDH
0	1.34157368316133	1	0.957	0	17	FTH1
0	0.661767413970844	1	0.961	0	17	FTL
0	0.259540712479414	1	0.986	0	17	TMSB10
2.03836947321179e-13	0.20277677514636	0.874	0.771	4.07673894642357e-11	17	CD37
9.39692768042732e-13	0.16529906362491	0.251	0.119	1.87938553608546e-10	17	CX3CR1
5.75208940478689e-07	0.221099658723159	0.209	0.12	0.000115041788095738	17	HVCN1
6.27761682414629e-07	0.107828573696702	0.963	0.969	0.000125552336482926	17	EIF1
0	2.8086236713291	0.801	0.06	0	18	DERL3
0	0.108251646633272	0.798	0.1	0	18	JCHAIN
0	1.65803628031597	0.751	0.079	0	18	MZB1
0	2.99307801778021	0.891	0.219	0	18	CLIC3
0	1.13517029600903	0.928	0.27	0	18	CST3
0	2.64785339701406	0.835	0.177	0	18	MS4A6A
0	3.73208562509769	0.847	0.198	0	18	GZMB
0	1.44016577132181	0.847	0.213	0	18	CD68
0	1.5819223093894	0.928	0.324	0	18	FCER1G
0	1.10308421101584	0.969	0.401	0	18	TYROBP
0	1.99046968361564	0.928	0.39	0	18	NPC2
0	1.48920643779066	0.804	0.267	0	18	CTSZ
0	2.00873798643644	0.707	0.2	0	18	MEF2C
0	2.68166545884277	0.866	0.39	0	18	HERPUD1
0	1.02316494718588	0.726	0.255	0	18	FCGRT
0	1.55386900339892	0.879	0.432	0	18	HLA-DRA
0	1.77204901465033	0.757	0.312	0	18	HLA-DQA1
0	0.316613768611834	0.832	0.39	0	18	CTSB
0	1.35441207564956	0.701	0.264	0	18	HLA-DQB1
0	2.05491855466637	0.555	0.119	0	18	HVCN1
0	1.48339524204198	0.791	0.363	0	18	FKBP2
0	1.99835957173924	0.947	0.544	0	18	SPCS1
0	1.69167965823384	0.741	0.351	0	18	NCF1
0	1.53031630444658	0.925	0.539	0	18	HLA-DPA1
0	0.47347686087108	0.751	0.381	0	18	CTSS
0	1.12816625633326	0.748	0.38	0	18	SSR3
0	1.26312776448962	0.882	0.527	0	18	HLA-DPB1
0	0.498016845017625	0.682	0.333	0	18	SEC11C
0	1.49611663323719	0.91	0.581	0	18	HSP90B1
0	0.421559026865303	0.704	0.391	0	18	XBP1
0	0.814248586960382	0.43	0.126	0	18	DAB2
0	1.12667097539512	0.832	0.528	0	18	HLA-DRB1
0	0.685484617170946	0.763	0.48	0	18	BTG2
0	0.337596735603202	0.938	0.687	0	18	SSR4
0	0.13991654213389	0.396	0.151	0	18	PLAUR
0	0.260488304911989	0.452	0.213	0	18	PECAM1
0	0.348328128546839	0.956	0.77	0	18	CD37
0	2.11122911424307	0.984	0.858	0	18	CD74
0	0.462804067163253	0.978	0.915	0	18	PPIA
0	0.736601257774624	1	0.986	0	18	RPS3A
0	0.345759967390948	1	0.988	0	18	RPL37
0	0.626354020746522	1	0.992	0	18	RPS8
0	0.306122007457483	1	0.993	0	18	RPL11
0	0.568970957767784	1	0.996	0	18	RPS28
1.13242748511766e-14	0.248556318367317	1	0.996	2.26485497023532e-12	18	RPS12
1.28785870856518e-14	0.484515755898759	0.374	0.197	2.57571741713036e-12	18	CD83
5.87085935421783e-13	0.26174693008233	0.467	0.268	1.17417187084357e-10	18	RGS1
8.61311022504196e-13	0.340931648424618	0.966	0.831	1.72262204500839e-10	18	S100A6
1.0807577055516e-11	0.227661530402501	0.997	0.991	2.16151541110321e-09	18	TPT1
3.45601325335565e-11	0.337559862710757	0.978	0.902	6.9120265067113e-09	18	H3F3A
1.86672166613278e-09	0.179074661771356	0.586	0.383	3.73344333226555e-07	18	DDIT4
3.09531444919742e-09	0.277628709966943	0.86	0.669	6.19062889839483e-07	18	ZFP36
4.34209046495937e-09	0.308645610179438	0.15	0.065	8.68418092991874e-07	18	RALGPS2
2.56191758918334e-08	0.178862972888638	0.984	0.969	5.12383517836668e-06	18	RPL5
3.07984679981388e-08	0.171234126229919	1	0.994	6.15969359962776e-06	18	RPL19
1.4569057713576e-06	0.142109640460168	1	0.986	0.000291381154271519	18	RPS18
5.24092113907138e-06	0.125563283390517	1	0.993	0.00104818422781428	18	RPL34
1.11898559211898e-05	0.121834583056826	1	0.997	0.00223797118423796	18	EEF1A1
2.617163801788e-05	0.116820522012365	0.997	0.995	0.00523432760357601	18	RPL13
