cluster	marker_panel	score	genes_present
0	Epithelial/Tumor	0.0314260135842919	EPCAM,KRT8,KRT18,KRT19
1	Epithelial/Tumor	0.0249058318264068	EPCAM,KRT8,KRT18,KRT19
10	Epithelial/Tumor	0.0294720565674844	EPCAM,KRT8,KRT18,KRT19
11	Epithelial/Tumor	0.0134801370170145	EPCAM,KRT8,KRT18,KRT19
12	Epithelial/Tumor	0.0863039916338934	EPCAM,KRT8,KRT18,KRT19
13	Epithelial/Tumor	0.739842186696001	EPCAM,KRT8,KRT18,KRT19
14	Epithelial/Tumor	0.0737982804035562	EPCAM,KRT8,KRT18,KRT19
15	Epithelial/Tumor	0.0850574189609196	EPCAM,KRT8,KRT18,KRT19
16	Epithelial/Tumor	0.498906808349096	EPCAM,KRT8,KRT18,KRT19
17	Epithelial/Tumor	0.00137711124086776	EPCAM,KRT8,KRT18,KRT19
18	Epithelial/Tumor	0.047685135952111	EPCAM,KRT8,KRT18,KRT19
2	Epithelial/Tumor	0.083325656543128	EPCAM,KRT8,KRT18,KRT19
3	Epithelial/Tumor	0.0710690060485727	EPCAM,KRT8,KRT18,KRT19
4	Epithelial/Tumor	0.0145571609479905	EPCAM,KRT8,KRT18,KRT19
5	Epithelial/Tumor	0.0362562946789871	EPCAM,KRT8,KRT18,KRT19
6	Epithelial/Tumor	0.0486897367755211	EPCAM,KRT8,KRT18,KRT19
7	Epithelial/Tumor	0.0662345681800222	EPCAM,KRT8,KRT18,KRT19
8	Epithelial/Tumor	0.0554211864739418	EPCAM,KRT8,KRT18,KRT19
9	Epithelial/Tumor	0.0146324950439015	EPCAM,KRT8,KRT18,KRT19
0	T cell	2.01653182734935	CD3D,CD3E,CD2,IL7R,CD8A,CD8B
1	T cell	2.90054362518177	CD3D,CD3E,CD2,IL7R,CD8A,CD8B
10	T cell	0.157417111642066	CD3D,CD3E,CD2,IL7R,CD8A,CD8B
11	T cell	0.928413490562823	CD3D,CD3E,CD2,IL7R,CD8A,CD8B
12	T cell	0.0461237981459938	CD3D,CD3E,CD2,IL7R,CD8A,CD8B
13	T cell	0.0749045268196613	CD3D,CD3E,CD2,IL7R,CD8A,CD8B
14	T cell	2.58124792610869	CD3D,CD3E,CD2,IL7R,CD8A,CD8B
15	T cell	0.238731898547991	CD3D,CD3E,CD2,IL7R,CD8A,CD8B
16	T cell	0.0124054809354304	CD3D,CD3E,CD2,IL7R,CD8A,CD8B
17	T cell	0.0148729763690485	CD3D,CD3E,CD2,IL7R,CD8A,CD8B
18	T cell	0.356841119656432	CD3D,CD3E,CD2,IL7R,CD8A,CD8B
2	T cell	2.81183273808392	CD3D,CD3E,CD2,IL7R,CD8A,CD8B
3	T cell	2.18322258347818	CD3D,CD3E,CD2,IL7R,CD8A,CD8B
4	T cell	0.065160892546595	CD3D,CD3E,CD2,IL7R,CD8A,CD8B
5	T cell	0.0490219205980489	CD3D,CD3E,CD2,IL7R,CD8A,CD8B
6	T cell	1.35540068758435	CD3D,CD3E,CD2,IL7R,CD8A,CD8B
7	T cell	0.00338103102426366	CD3D,CD3E,CD2,IL7R,CD8A,CD8B
8	T cell	0.00380251797708846	CD3D,CD3E,CD2,IL7R,CD8A,CD8B
9	T cell	1.10206275185607	CD3D,CD3E,CD2,IL7R,CD8A,CD8B
0	NK cell	0.266974143411975	NKG7,GNLY,PRF1,GZMB,KLRD1,KLRB1,XCL1,XCL2
1	NK cell	1.56720113334181	NKG7,GNLY,PRF1,GZMB,KLRD1,KLRB1,XCL1,XCL2
10	NK cell	0.0876232792560736	NKG7,GNLY,PRF1,GZMB,KLRD1,KLRB1,XCL1,XCL2
11	NK cell	2.63890708192658	NKG7,GNLY,PRF1,GZMB,KLRD1,KLRB1,XCL1,XCL2
12	NK cell	0.024086473855179	NKG7,GNLY,PRF1,GZMB,KLRD1,KLRB1,XCL1,XCL2
13	NK cell	0.0693366774022315	NKG7,GNLY,PRF1,GZMB,KLRD1,KLRB1,XCL1,XCL2
14	NK cell	1.66498922511443	NKG7,GNLY,PRF1,GZMB,KLRD1,KLRB1,XCL1,XCL2
15	NK cell	0.180439078514011	NKG7,GNLY,PRF1,GZMB,KLRD1,KLRB1,XCL1,XCL2
16	NK cell	0.0242535436986237	NKG7,GNLY,PRF1,GZMB,KLRD1,KLRB1,XCL1,XCL2
17	NK cell	0.0367140725925457	NKG7,GNLY,PRF1,GZMB,KLRD1,KLRB1,XCL1,XCL2
18	NK cell	0.761100256177282	NKG7,GNLY,PRF1,GZMB,KLRD1,KLRB1,XCL1,XCL2
2	NK cell	1.74364171248022	NKG7,GNLY,PRF1,GZMB,KLRD1,KLRB1,XCL1,XCL2
3	NK cell	0.47947857766722	NKG7,GNLY,PRF1,GZMB,KLRD1,KLRB1,XCL1,XCL2
4	NK cell	0.036812674359976	NKG7,GNLY,PRF1,GZMB,KLRD1,KLRB1,XCL1,XCL2
5	NK cell	0.0418428376359971	NKG7,GNLY,PRF1,GZMB,KLRD1,KLRB1,XCL1,XCL2
6	NK cell	2.79611481423237	NKG7,GNLY,PRF1,GZMB,KLRD1,KLRB1,XCL1,XCL2
7	NK cell	0.00901206541804695	NKG7,GNLY,PRF1,GZMB,KLRD1,KLRB1,XCL1,XCL2
8	NK cell	0.00535824532101584	NKG7,GNLY,PRF1,GZMB,KLRD1,KLRB1,XCL1,XCL2
9	NK cell	2.92204498884672	NKG7,GNLY,PRF1,GZMB,KLRD1,KLRB1,XCL1,XCL2
0	B cell	0.509186767474459	MS4A1,CD79A,CD79B,BANK1,CD74,HLA-DRA
1	B cell	0.957510508767098	MS4A1,CD79A,CD79B,BANK1,CD74,HLA-DRA
10	B cell	1.7514965928634	MS4A1,CD79A,CD79B,BANK1,CD74,HLA-DRA
11	B cell	0.765764916981283	MS4A1,CD79A,CD79B,BANK1,CD74,HLA-DRA
12	B cell	1.92201828062595	MS4A1,CD79A,CD79B,BANK1,CD74,HLA-DRA
13	B cell	0.315020873013133	MS4A1,CD79A,CD79B,BANK1,CD74,HLA-DRA
14	B cell	0.515980871075829	MS4A1,CD79A,CD79B,BANK1,CD74,HLA-DRA
15	B cell	0.502145114664396	MS4A1,CD79A,CD79B,BANK1,CD74,HLA-DRA
16	B cell	1.08190154494855	MS4A1,CD79A,CD79B,BANK1,CD74,HLA-DRA
17	B cell	1.37763627919044	MS4A1,CD79A,CD79B,BANK1,CD74,HLA-DRA
18	B cell	1.80990202113785	MS4A1,CD79A,CD79B,BANK1,CD74,HLA-DRA
2	B cell	0.929447776554314	MS4A1,CD79A,CD79B,BANK1,CD74,HLA-DRA
3	B cell	0.682301881075659	MS4A1,CD79A,CD79B,BANK1,CD74,HLA-DRA
4	B cell	1.74471702005138	MS4A1,CD79A,CD79B,BANK1,CD74,HLA-DRA
5	B cell	1.57375515530894	MS4A1,CD79A,CD79B,BANK1,CD74,HLA-DRA
6	B cell	0.641867867367673	MS4A1,CD79A,CD79B,BANK1,CD74,HLA-DRA
7	B cell	1.49694920182768	MS4A1,CD79A,CD79B,BANK1,CD74,HLA-DRA
8	B cell	3.83331134762191	MS4A1,CD79A,CD79B,BANK1,CD74,HLA-DRA
9	B cell	0.627326051784838	MS4A1,CD79A,CD79B,BANK1,CD74,HLA-DRA
0	Plasma cell	0.33344442736441	MZB1,JCHAIN,IGKC,XBP1
1	Plasma cell	0.264675886678537	MZB1,JCHAIN,IGKC,XBP1
10	Plasma cell	0.302317367923623	MZB1,JCHAIN,IGKC,XBP1
11	Plasma cell	0.331633156174169	MZB1,JCHAIN,IGKC,XBP1
12	Plasma cell	0.326988704146053	MZB1,JCHAIN,IGKC,XBP1
13	Plasma cell	0.339396559974079	MZB1,JCHAIN,IGKC,XBP1
14	Plasma cell	0.270428154298666	MZB1,JCHAIN,IGKC,XBP1
15	Plasma cell	0.537834488305473	MZB1,JCHAIN,IGKC,XBP1
16	Plasma cell	0.390965056553903	MZB1,JCHAIN,IGKC,XBP1
17	Plasma cell	0.221597387247652	MZB1,JCHAIN,IGKC,XBP1
18	Plasma cell	2.4148001567473	MZB1,JCHAIN,IGKC,XBP1
2	Plasma cell	0.347639552417652	MZB1,JCHAIN,IGKC,XBP1
3	Plasma cell	0.334592863247639	MZB1,JCHAIN,IGKC,XBP1
4	Plasma cell	0.220857198110006	MZB1,JCHAIN,IGKC,XBP1
5	Plasma cell	0.226725311398139	MZB1,JCHAIN,IGKC,XBP1
6	Plasma cell	0.407047820399462	MZB1,JCHAIN,IGKC,XBP1
7	Plasma cell	4.59970212334286	MZB1,JCHAIN,IGKC,XBP1
8	Plasma cell	0.718278469060036	MZB1,JCHAIN,IGKC,XBP1
9	Plasma cell	0.497806555562862	MZB1,JCHAIN,IGKC,XBP1
0	Myeloid/TAM	0.105770871179676	LYZ,LST1,CST3,AIF1,FCER1G,CD68,MRC1,C1QA,C1QB
1	Myeloid/TAM	0.100834257858957	LYZ,LST1,CST3,AIF1,FCER1G,CD68,MRC1,C1QA,C1QB
10	Myeloid/TAM	2.71917712929958	LYZ,LST1,CST3,AIF1,FCER1G,CD68,MRC1,C1QA,C1QB
11	Myeloid/TAM	0.413498655211474	LYZ,LST1,CST3,AIF1,FCER1G,CD68,MRC1,C1QA,C1QB
12	Myeloid/TAM	2.3867741958646	LYZ,LST1,CST3,AIF1,FCER1G,CD68,MRC1,C1QA,C1QB
13	Myeloid/TAM	0.44969005921353	LYZ,LST1,CST3,AIF1,FCER1G,CD68,MRC1,C1QA,C1QB
14	Myeloid/TAM	0.0959441418990967	LYZ,LST1,CST3,AIF1,FCER1G,CD68,MRC1,C1QA,C1QB
15	Myeloid/TAM	0.735708283753026	LYZ,LST1,CST3,AIF1,FCER1G,CD68,MRC1,C1QA,C1QB
16	Myeloid/TAM	0.398190219895851	LYZ,LST1,CST3,AIF1,FCER1G,CD68,MRC1,C1QA,C1QB
17	Myeloid/TAM	2.77949793537576	LYZ,LST1,CST3,AIF1,FCER1G,CD68,MRC1,C1QA,C1QB
18	Myeloid/TAM	1.39628285737596	LYZ,LST1,CST3,AIF1,FCER1G,CD68,MRC1,C1QA,C1QB
2	Myeloid/TAM	0.0863631387928127	LYZ,LST1,CST3,AIF1,FCER1G,CD68,MRC1,C1QA,C1QB
3	Myeloid/TAM	0.0564459751683961	LYZ,LST1,CST3,AIF1,FCER1G,CD68,MRC1,C1QA,C1QB
4	Myeloid/TAM	2.86361365065891	LYZ,LST1,CST3,AIF1,FCER1G,CD68,MRC1,C1QA,C1QB
5	Myeloid/TAM	3.0941654150569	LYZ,LST1,CST3,AIF1,FCER1G,CD68,MRC1,C1QA,C1QB
6	Myeloid/TAM	0.302138314448952	LYZ,LST1,CST3,AIF1,FCER1G,CD68,MRC1,C1QA,C1QB
7	Myeloid/TAM	0.0520482014475833	LYZ,LST1,CST3,AIF1,FCER1G,CD68,MRC1,C1QA,C1QB
8	Myeloid/TAM	0.0618887753611844	LYZ,LST1,CST3,AIF1,FCER1G,CD68,MRC1,C1QA,C1QB
9	Myeloid/TAM	0.364049526338524	LYZ,LST1,CST3,AIF1,FCER1G,CD68,MRC1,C1QA,C1QB
0	Endothelial	0.0944170531355503	PECAM1,VWF
1	Endothelial	0.294232181713503	PECAM1,VWF
10	Endothelial	0.823210717584486	PECAM1,VWF
11	Endothelial	0.257791450752858	PECAM1,VWF
12	Endothelial	0.114980310662643	PECAM1,VWF
13	Endothelial	0.220564096926469	PECAM1,VWF
14	Endothelial	0.158868412698736	PECAM1,VWF
15	Endothelial	0.0778144024656986	PECAM1,VWF
16	Endothelial	3.85128384249061	PECAM1,VWF
17	Endothelial	0.722340108348683	PECAM1,VWF
18	Endothelial	0.525307017507867	PECAM1,VWF
2	Endothelial	0.2857149828665	PECAM1,VWF
3	Endothelial	0.0295864112899252	PECAM1,VWF
4	Endothelial	0.53540107106949	PECAM1,VWF
5	Endothelial	0.500559503272565	PECAM1,VWF
6	Endothelial	0.148239204596296	PECAM1,VWF
7	Endothelial	0.41960375674426	PECAM1,VWF
8	Endothelial	0.0733756788627625	PECAM1,VWF
9	Endothelial	0.15157071163257	PECAM1,VWF
0	Fibroblast/Pericyte	0	COL1A1,DCN
1	Fibroblast/Pericyte	0.000448303147661512	COL1A1,DCN
10	Fibroblast/Pericyte	0	COL1A1,DCN
11	Fibroblast/Pericyte	0	COL1A1,DCN
12	Fibroblast/Pericyte	0.00468093695432634	COL1A1,DCN
13	Fibroblast/Pericyte	3.65021572628113	COL1A1,DCN
14	Fibroblast/Pericyte	0.00207908174188757	COL1A1,DCN
15	Fibroblast/Pericyte	0.00361634907631866	COL1A1,DCN
16	Fibroblast/Pericyte	0.301842911307283	COL1A1,DCN
17	Fibroblast/Pericyte	0	COL1A1,DCN
18	Fibroblast/Pericyte	0.0196258395467599	COL1A1,DCN
2	Fibroblast/Pericyte	0.00124041536623594	COL1A1,DCN
3	Fibroblast/Pericyte	0.000835234263429989	COL1A1,DCN
4	Fibroblast/Pericyte	0	COL1A1,DCN
5	Fibroblast/Pericyte	0	COL1A1,DCN
6	Fibroblast/Pericyte	0.00339510140538975	COL1A1,DCN
7	Fibroblast/Pericyte	0	COL1A1,DCN
8	Fibroblast/Pericyte	0.00192411673997944	COL1A1,DCN
9	Fibroblast/Pericyte	0	COL1A1,DCN
