Cluster	category	subcategory	ID	Description	GeneRatio	BgRatio	RichFactor	FoldEnrichment	zScore	pvalue	p.adjust	qvalue	geneID	Count
B/Plasma	Genetic Information Processing	Folding, sorting and degradation	hsa04141	Protein processing in endoplasmic reticulum	41/187	165/7622	0.248484848484848	10.1280829687247	18.7986116928612	9.35149695841637e-31	3.28237543240414e-28	3.28237543240414e-28	9451/3703/3998/1650/58505/51726/27248/10960/51465/51128/468/746/7494/23471/23480/6184/9601/29927/64374/6238/81567/6185/3309/91319/6748/7184/10130/200185/55829/3326/10970/6400/79139/10952/5611/55741/84447/6747/9709/3304/10525	41
B/Plasma	Organismal Systems	Immune system	hsa04672	Intestinal immune network for IgA production	17/187	46/7622	0.369565217391304	15.0632411067194	15.171574466209	1.91568848354055e-16	3.36203328861367e-14	3.36203328861367e-14	3122/3115/3117/3112/3127/608/3119/115650/3123/7852/3109/3111/3113/958/3108/2826/23495	17
B/Plasma	Organismal Systems	Immune system	hsa04640	Hematopoietic cell lineage	20/187	94/7622	0.212765957446809	8.67220389122767	11.8694488998791	6.28279451004997e-14	7.35086957675846e-12	7.35086957675846e-12	3122/3115/3117/3112/3127/966/3119/1604/952/3123/3109/931/100133941/3111/3113/930/951/2208/3108/933	20
B/Plasma	Human Diseases	Immune disease	hsa05310	Asthma	12/187	26/7622	0.461538461538462	18.8120115178939	14.4275789958413	2.39298547599329e-13	2.09984475518411e-11	2.09984475518411e-11	3122/3115/3117/3112/3127/3119/3123/3109/3111/3113/958/3108	12
B/Plasma	Organismal Systems	Immune system	hsa04612	Antigen processing and presentation	17/187	71/7622	0.23943661971831	9.75928297055058	11.7593087543804	6.6442275532954e-13	4.66424774241337e-11	4.66424774241337e-11	3122/3115/3117/3112/55080/3127/4261/3119/3123/3109/972/3309/3111/3326/3113/3108/3304	17
B/Plasma	Human Diseases	Immune disease	hsa05330	Allograft rejection	13/187	36/7622	0.361111111111111	14.7186571598336	13.0840661672732	1.08521538968713e-12	6.3485100296697e-11	6.3485100296697e-11	3122/3115/3117/3112/3127/3119/3123/3109/3111/3113/958/3002/3108	13
B/Plasma	Human Diseases	Immune disease	hsa05320	Autoimmune thyroid disease	13/187	37/7622	0.351351351351351	14.3208556149733	12.8807599936243	1.63750847500255e-12	8.21093535322707e-11	8.21093535322707e-11	3122/3115/3117/3112/3127/3119/3123/3109/3111/3113/958/3002/3108	13
B/Plasma	Organismal Systems	Immune system	hsa04662	B cell receptor signaling pathway	17/187	80/7622	0.2125	8.66136363636364	10.9243122009253	5.36943446369681e-12	2.35583937094698e-10	2.35583937094698e-10	5777/971/2213/973/640/25780/3725/6850/29760/23547/5336/55024/974/930/4067/695/933	17
B/Plasma	Human Diseases	Immune disease	hsa05332	Graft-versus-host disease	12/187	39/7622	0.307692307692308	12.5413410119292	11.4592012441714	7.33203321011724e-11	2.85949295194573e-09	2.85949295194573e-09	3122/3115/3117/3112/3127/3119/3123/3109/3111/3113/3002/3108	12
B/Plasma	Human Diseases	Infectious disease: viral	hsa05169	Epstein-Barr virus infection	23/187	186/7622	0.123655913978495	5.04013570237479	8.84645009512258	1.11382923135706e-10	3.90954060206327e-09	3.90954060206327e-09	3122/3115/3117/3112/3665/55080/3127/3119/3725/3123/6850/3109/29760/5336/3111/3113/958/3454/930/4067/2208/3108/695	23
B/Plasma	Human Diseases	Endocrine and metabolic disease	hsa04940	Type I diabetes mellitus	12/187	42/7622	0.285714285714286	11.6455309396486	10.9709356202489	1.94399993509841e-10	6.02243255582135e-09	6.02243255582135e-09	3122/3115/3117/3112/3127/3119/3123/3109/3111/3113/3002/3108	12
B/Plasma	Human Diseases	Infectious disease: parasitic	hsa05140	Leishmaniasis	15/187	74/7622	0.202702702702703	8.2620320855615	9.95507130711387	2.0589513011355e-10	6.02243255582135e-09	6.02243255582135e-09	3122/3115/3117/5777/3112/3127/1915/3119/3725/3123/3109/653361/3111/3113/3108	15
B/Plasma	Genetic Information Processing	Folding, sorting and degradation	hsa03060	Protein export	10/187	28/7622	0.357142857142857	14.5569136745607	11.3970078538662	5.55998096419557e-10	1.5011948603328e-08	1.5011948603328e-08	23480/58477/28972/29100/29927/90701/3309/10952/9789/60559	10
B/Plasma	Human Diseases	Immune disease	hsa05322	Systemic lupus erythematosus	12/187	52/7622	0.230769230769231	9.40600575894694	9.64561032802672	2.9278397485981e-09	7.34051251255667e-08	7.34051251255667e-08	3122/3115/3117/3112/3127/3119/3123/3109/3111/3113/958/3108	12
B/Plasma	Human Diseases	Cardiovascular disease	hsa05416	Viral myocarditis	13/187	64/7622	0.203125	8.27924465240642	9.27383056424169	3.38225176737207e-09	7.91446913565064e-08	7.91446913565064e-08	3122/3115/3117/3112/3127/3119/1604/3123/3109/3111/3113/958/3108	13
B/Plasma	Human Diseases	Infectious disease: viral	hsa05168	Herpes simplex virus 1 infection	19/187	160/7622	0.11875	4.84017379679144	7.78519592296859	1.02183147484055e-08	2.24164279793146e-07	2.24164279793146e-07	3122/3115/3117/3112/3665/55080/330/3127/3119/3123/6850/6672/5452/3109/972/3111/3113/3454/3108	19
B/Plasma	Human Diseases	Immune disease	hsa05321	Inflammatory bowel disease	12/187	64/7622	0.1875	7.64237967914439	8.46245821225186	3.60231770797146e-08	7.43772656175284e-07	7.43772656175284e-07	3122/3115/3117/3112/3127/3119/3725/3123/3109/3111/3113/3108	12
B/Plasma	Human Diseases	Infectious disease: parasitic	hsa05145	Toxoplasmosis	15/187	110/7622	0.136363636363636	5.55809431210501	7.63639100807444	6.12633368491607e-08	1.19463506855863e-06	1.19463506855863e-06	3122/3115/3117/3112/330/3127/4261/3119/3123/3109/3111/3113/958/3108/3304	15
B/Plasma	Organismal Systems	Immune system	hsa04659	Th17 cell differentiation	14/187	106/7622	0.132075471698113	5.3833114721017	7.20689470109602	2.58052994544406e-07	4.76718953079402e-06	4.76718953079402e-06	3122/3115/3117/3112/3127/3119/3725/3123/3109/3111/3326/3113/3662/3108	14
B/Plasma	Human Diseases	Immune disease	hsa05323	Rheumatoid arthritis	13/187	91/7622	0.142857142857143	5.82276546982429	7.33967471200383	2.76521828771424e-07	4.85295809493848e-06	4.85295809493848e-06	3122/3115/3117/3112/3127/3119/3725/3123/3109/4050/3111/3113/3108	13
B/Plasma	Human Diseases	Infectious disease: bacterial	hsa05150	Staphylococcus aureus infection	12/187	81/7622	0.148148148148148	6.03842345018816	7.22951230612705	5.38897217752794e-07	9.00728206815385e-06	9.00728206815384e-06	3122/3115/3117/3112/2213/3127/3119/3123/3109/3111/3113/3108	12
B/Plasma	Organismal Systems	Immune system	hsa04658	Th1 and Th2 cell differentiation	12/187	90/7622	0.133333333333333	5.43458110516934	6.71127444636566	1.72110111531883e-06	2.74593859762231e-05	2.74593859762231e-05	3122/3115/3117/3112/3127/3119/3725/3123/3109/3111/3113/3108	12
B/Plasma	Human Diseases	Immune disease	hsa05340	Primary immunodeficiency	8/187	36/7622	0.222222222222222	9.05763517528223	7.68490899341197	1.8988152179973e-06	2.89775713703066e-05	2.89775713703066e-05	4261/973/115650/29760/958/930/695/23495	8
B/Plasma	Environmental Information Processing	Signaling molecules and interaction	hsa04514	Cell adhesion molecule (CAM) interaction	15/187	152/7622	0.0986842105263158	4.02230509428652	5.96878717599431	4.22780977593046e-06	5.93584492540637e-05	5.93584492540637e-05	3122/3115/3117/3112/3127/6382/3119/3123/3109/3111/3113/958/6402/3108/933	15
B/Plasma	Human Diseases	Infectious disease: viral	hsa05164	Influenza A	15/187	152/7622	0.0986842105263158	4.02230509428652	5.96878717599431	4.22780977593046e-06	5.93584492540637e-05	5.93584492540637e-05	3122/3115/3117/3112/3665/3127/4261/3119/3123/3109/3111/3113/3454/5611/3108	15
B/Plasma	Metabolism	Glycan biosynthesis and metabolism	hsa00510	N-Glycan biosynthesis	9/187	55/7622	0.163636363636364	6.66971317452601	6.69216845257124	6.37740119469239e-06	8.48780035390838e-05	8.48780035390838e-05	3703/1650/58505/8703/746/6184/6185/200185/29880	9
B/Plasma	Metabolism	Glycan biosynthesis and metabolism	hsa00513	Various types of N-glycan biosynthesis	8/187	42/7622	0.19047619047619	7.76368729309906	6.97043466115134	6.52907719531414e-06	8.48780035390838e-05	8.48780035390838e-05	3703/1650/58505/8703/746/6184/6185/200185	8
B/Plasma	Cellular Processes	Transport and catabolism	hsa04145	Phagocytosis	19/187	246/7622	0.0772357723577236	3.14808051823834	5.43117696260024	8.5363065875962e-06	0.000107008700437367	0.000107008700437367	3122/3115/8417/3117/3112/2213/3127/3119/3123/23480/6850/3109/29927/653361/3111/3113/10952/3108/84329	19
B/Plasma	Human Diseases	Infectious disease: bacterial	hsa05152	Tuberculosis	15/187	163/7622	0.0920245398773006	3.7508611922181	5.63000101085464	1.00048688686036e-05	0.000121093412857926	0.000121093412857926	3122/3115/3117/3112/2213/3127/4261/3119/3123/6850/3109/972/3111/3113/3108	15
B/Plasma	Human Diseases	Infectious disease: viral	hsa05166	Human T-cell leukemia virus 1 infection	16/187	218/7622	0.073394495412844	2.9915125349556	4.73112457625091	8.38521870417825e-05	0.000981070588388855	0.000981070588388855	3122/3115/3117/3112/3127/3119/468/3725/115650/3123/3109/3111/3113/958/3108/64764	16
B/Plasma	Human Diseases	Infectious disease: bacterial	hsa05110	Vibrio cholerae infection	7/187	49/7622	0.142857142857143	5.82276546982429	5.37089302066044	0.000171758378981854	0.00194474809750422	0.00194474809750422	11014/10945/23480/9601/29927/5336/10952	7
B/Plasma	Environmental Information Processing	Signal transduction	hsa04064	NF-kappa B signaling pathway	9/187	102/7622	0.0882352941176471	3.59641396665618	4.186502933577	0.00085314784511279	0.00935796542608092	0.00935796542608092	330/115650/6850/29760/4050/5336/958/4067/695	9
B/Plasma	Human Diseases	Cardiovascular disease	hsa05417	Lipid and atherosclerosis	13/187	201/7622	0.0646766169154229	2.63617740176125	3.72806521305959	0.00129153022155344	0.0137371850837956	0.0137371850837956	9451/3665/468/3725/7494/5452/3309/653361/7184/3326/958/4067/3304	13
B/Plasma	Organismal Systems	Development and regeneration	hsa04380	Osteoclast differentiation	9/187	131/7622	0.0687022900763359	2.80026125648039	3.29600287659087	0.00479965427710254	0.0495493720959703	0.0495493720959703	2213/3725/6850/29760/23547/5336/653361/3454/695	9
Endothelial/Fibroblast	Cellular Processes	Cell motility	hsa04820	Cytoskeleton in muscle cells	38/192	226/7622	0.168141592920354	6.6748709439528	13.9211125924237	1.72749464281993e-21	6.06350619629796e-19	6.06350619629796e-19	3728/1293/9124/7171/7169/10398/1277/1292/9260/3672/2274/8910/1278/3678/1289/3688/1282/2273/1465/6383/3339/1291/1284/633/2335/1290/3685/7414/6711/7431/1634/2200/7168/3655/4811/27295/1281/4000	38
Endothelial/Fibroblast	Environmental Information Processing	Signaling molecules and interaction	hsa04518	Integrin signaling	30/192	151/7622	0.198675496688742	7.88700331125828	13.7401535313046	3.3397911063641e-19	5.86133339166899e-17	5.86133339166899e-17	5156/1293/5747/3915/3910/2321/1277/1292/3672/3791/1278/55742/5159/3678/3688/1282/7450/1291/1284/2335/3685/7414/3912/10979/87/3913/81/2200/55679/3655	30
Endothelial/Fibroblast	Cellular Processes	Cellular community - eukaryotes	hsa04510	Focal adhesion	33/192	199/7622	0.165829145728643	6.5830716080402	12.8283911739645	1.62482940617503e-18	1.90105040522479e-16	1.90105040522479e-16	858/5156/1293/5747/3915/3910/2321/10398/1277/1292/3672/3791/4638/1278/55742/5159/3678/3688/1282/857/7450/1291/1284/2013/2012/2335/3685/7414/3912/87/3913/81/3655	33
Endothelial/Fibroblast	Environmental Information Processing	Signaling molecules and interaction	hsa04512	ECM-receptor interaction	19/192	86/7622	0.22093023255814	8.77046996124031	11.6489895298211	2.15406429346329e-13	1.89019141751404e-11	1.89019141751404e-11	1293/3915/3910/1277/1292/3672/1278/3678/3688/1282/7450/3339/1291/1284/2335/3685/3912/3913/3655	19
Endothelial/Fibroblast	Environmental Information Processing	Signal transduction	hsa04151	PI3K-Akt signaling pathway	29/192	333/7622	0.0870870870870871	3.45717592592593	7.37032402908534	3.45883456874435e-09	2.42810186725853e-07	2.42810186725853e-07	5156/1942/1293/5747/2791/3915/3910/2321/1277/1292/3672/7531/3791/1278/5159/3678/3688/1282/7450/3643/1291/1284/2335/3685/2149/3912/3913/3655/55970	29
Endothelial/Fibroblast	Human Diseases	Infectious disease: parasitic	hsa05146	Amoebiasis	15/192	100/7622	0.15	5.9546875	8.01699830515641	2.3403283047487e-08	1.36909205827799e-06	1.36909205827799e-06	3315/5747/3915/3910/1277/1278/1282/1284/2335/7414/3912/87/3913/81/1281	15
Endothelial/Fibroblast	Cellular Processes	Cellular community - eukaryotes	hsa04520	Adherens junction	14/192	92/7622	0.152173913043478	6.04098731884058	7.81941420271052	5.80202109046299e-08	2.9092991467893e-06	2.9092991467893e-06	9411/10398/5819/5787/1003/7048/3643/7414/57493/1500/87/81/7082/5797	14
Endothelial/Fibroblast	Human Diseases	Infectious disease: viral	hsa05165	Human papillomavirus infection	24/192	311/7622	0.0771704180064309	3.06350482315113	5.97254566763084	8.40588067607682e-07	3.51709786751162e-05	3.51709786751162e-05	4855/1293/5747/8322/3915/3910/1277/1292/3672/4854/1278/5159/3678/3688/1282/7450/1291/1284/2335/3685/3912/182/3913/3655	24
Endothelial/Fibroblast	Organismal Systems	Digestive system	hsa04974	Protein digestion and absorption	13/192	98/7622	0.13265306122449	5.26605017006803	6.8324551770548	9.01819966028619e-07	3.51709786751162e-05	3.51709786751162e-05	1293/1277/1292/1306/1278/1289/1282/80781/1291/1284/1290/1303/1281	13
Endothelial/Fibroblast	Human Diseases	Cancer: overview	hsa05205	Proteoglycans in cancer	18/192	195/7622	0.0923076923076923	3.66442307692308	6.05865144910364	1.75325381503361e-06	6.15392089076798e-05	6.15392089076798e-05	858/967/5747/8322/1277/3791/1278/3678/4313/3688/857/6383/3339/7078/2335/3685/2017/1634	18
Endothelial/Fibroblast	Cellular Processes	Cell motility	hsa04810	Regulation of actin cytoskeleton	19/192	222/7622	0.0855855855855856	3.39756944444444	5.82765738027007	2.79362355997765e-06	8.91419881411051e-05	8.91419881411051e-05	5156/5747/10398/3672/4638/5159/3678/55740/3688/2934/2335/3685/7414/2149/5217/87/81/3655/55970	19
Endothelial/Fibroblast	Organismal Systems	Immune system	hsa04670	Leukocyte transendothelial migration	13/192	111/7622	0.117117117117117	4.64930555555556	6.22565463795474	3.78303379487713e-06	0.000110653738500156	0.000110653738500156	5747/10398/1003/4313/3688/7070/7414/90952/7122/1500/87/5175/81	13
Endothelial/Fibroblast	Organismal Systems	Immune system	hsa04610	Complement and coagulation cascades	11/192	82/7622	0.134146341463415	5.32533028455285	6.32998553473071	5.72382243448815e-06	0.00015454320573118	0.00015454320573118	710/2/966/5327/5270/716/7450/3075/715/2149/7035	11
Endothelial/Fibroblast	Human Diseases	Cancer: specific types	hsa05222	Small cell lung cancer	11/192	92/7622	0.119565217391304	4.74649003623188	5.81143247278847	1.76428080316252e-05	0.000442330401364317	0.000442330401364317	5747/3915/3910/3688/1282/1284/2335/3685/3912/3913/3655	11
Endothelial/Fibroblast	Human Diseases	Cardiovascular disease	hsa05414	Dilated cardiomyopathy	11/192	96/7622	0.114583333333333	4.54871961805556	5.62454486319983	2.65144600702522e-05	0.000620438365643901	0.000620438365643901	7171/7169/3672/8910/3678/3688/3685/7168/3655/196883/4000	11
Endothelial/Fibroblast	Human Diseases	Cardiovascular disease	hsa05418	Fluid shear stress and atherosclerosis	13/192	135/7622	0.0962962962962963	3.82276234567901	5.31923859994162	3.2464022265733e-05	0.000712179488454518	0.000712179488454518	858/5747/1003/3791/4313/4259/857/5327/6383/4258/3685/5175/659	13
Endothelial/Fibroblast	Environmental Information Processing	Signaling molecules and interaction	hsa04517	IgSF CAM signaling	20/192	290/7622	0.0689655172413793	2.73778735632184	4.85005420277661	3.84094838727545e-05	0.000793042872902167	0.000793042872902167	5376/54538/5747/10398/5819/351/3791/4638/3678/3688/8829/2037/84617/7414/90952/203068/6711/87/81/7082	20
Endothelial/Fibroblast	Human Diseases	Cardiovascular disease	hsa05410	Hypertrophic cardiomyopathy	10/192	91/7622	0.10989010989011	4.36240842490843	5.18688985604739	8.89097049071429e-05	0.00173373924568929	0.00173373924568929	7171/7169/3672/8910/3678/3688/3685/7168/3655/4000	10
Endothelial/Fibroblast	Human Diseases	Cardiovascular disease	hsa05412	Arrhythmogenic right ventricular cardiomyopathy	9/192	80/7622	0.1125	4.466015625	5.00950061147657	0.000167636868465843	0.00309687057007952	0.00309687057007952	3728/3672/8910/3678/3688/3685/2697/3655/4000	9
Endothelial/Fibroblast	Human Diseases	Cancer: overview	hsa05206	MicroRNAs in cancer	13/192	160/7622	0.08125	3.22545572916667	4.57312967741134	0.00018752352414056	0.00329103784866684	0.00329103784866684	4082/5156/1942/4855/6659/4854/5159/3678/7078/6624/7431/7168/659	13
Endothelial/Fibroblast	Human Diseases	Infectious disease: bacterial	hsa05100	Bacterial invasion of epithelial cells	8/192	68/7622	0.117647058823529	4.6703431372549	4.88691541771043	0.000283939196681871	0.00471348222087589	0.00471348222087589	858/5747/3678/3688/857/2335/7414/2017	8
Endothelial/Fibroblast	Organismal Systems	Endocrine system	hsa04926	Relaxin signaling pathway	11/192	125/7622	0.088	3.49341666666667	4.51822961088581	0.000295431934071993	0.00471348222087589	0.00471348222087589	2791/59/1277/1278/4313/1282/7048/1284/196883/1281/55970	11
Endothelial/Fibroblast	Environmental Information Processing	Signaling molecules and interaction	hsa04519	Cadherin signaling	21/192	373/7622	0.0563002680965147	2.23500335120643	3.93138603264396	0.000432027102363043	0.00659310925780123	0.00659310925780123	5156/3728/5747/8322/1003/7531/3791/5159/27253/55740/7414/10186/1009/7431/2697/1500/87/81/7082/4430/25937	21
Endothelial/Fibroblast	Environmental Information Processing	Signaling molecules and interaction	hsa04514	Cell adhesion molecule (CAM) interaction	11/192	152/7622	0.0723684210526316	2.87287554824561	3.74914813981628	0.00152948639787885	0.0223687385689782	0.0223687385689782	5819/1003/3688/947/6383/3685/90952/7122/5175/3655/5797	11
Endothelial/Fibroblast	Environmental Information Processing	Signal transduction	hsa04015	Rap1 signaling pathway	13/192	207/7622	0.0628019323671498	2.49310587761675	3.50092162548545	0.00213293488924159	0.029946405844952	0.029946405844952	5156/1942/2321/3791/5159/55740/3688/3643/3397/2149/5217/1500/196883	13
Endothelial/Fibroblast	Human Diseases	Endocrine and metabolic disease	hsa04933	AGE-RAGE signaling pathway in diabetic complications	8/192	100/7622	0.08	3.17583333333333	3.52063619464117	0.00360647770677357	0.0486874490414432	0.0486874490414432	1277/1278/4313/1282/7048/1284/2335/1281	8
Myeloid/TAM	Cellular Processes	Transport and catabolism	hsa04145	Phagocytosis	42/246	246/7622	0.170731707317073	5.28990680150704	12.4901610159355	1.19725007641867e-19	4.20234776822955e-17	4.20234776822955e-17	3693/3122/526/1536/10376/1520/2214/1514/3123/535/6850/11337/2212/3127/8685/929/60/3119/4481/2219/9296/1535/2209/3109/533/10312/7099/4688/3684/5879/9114/3115/527/3108/4069/3113/3916/1508/64581/967/3689/1509	42
Myeloid/TAM	Cellular Processes	Transport and catabolism	hsa04142	Lysosome biogenesis	41/246	244/7622	0.168032786885246	5.20628415300546	12.1951536341219	6.32276684648333e-19	1.10964558155782e-16	1.10964558155782e-16	6556/526/2799/1520/3988/1200/1512/1514/535/968/10577/427/9296/57192/161/533/10312/4668/8673/1211/5641/23312/9114/53/5660/51296/3073/527/162/7805/3916/1508/967/5476/1509/8905/1213/1175/950/1522/2548	41
Myeloid/TAM	Human Diseases	Infectious disease: bacterial	hsa05152	Tuberculosis	32/246	163/7622	0.196319018404908	6.08269739139109	11.9787315666025	5.7897077355839e-17	6.77395805063316e-15	6.77395805063316e-15	3122/3460/1520/2214/3553/3123/535/6850/387/972/2212/3127/929/3119/2209/3109/533/10312/7099/3684/9114/3115/527/2207/3108/3113/3916/64581/3689/1509/808/1051	32
Myeloid/TAM	Human Diseases	Infectious disease: bacterial	hsa05150	Staphylococcus aureus infection	21/246	81/7622	0.259259259259259	8.03282143932551	11.6203901715093	5.04769080815814e-14	4.42934868415877e-12	4.42934868415877e-12	3122/1675/712/2214/3123/714/2359/2212/5724/3127/3119/2209/3109/3684/719/3115/3108/3113/728/3689/713	21
Myeloid/TAM	Human Diseases	Infectious disease: parasitic	hsa05140	Leishmaniasis	20/246	74/7622	0.27027027027027	8.3739837398374	11.6403267158527	8.68975678213868e-14	6.10020926106135e-12	6.10020926106135e-12	3122/1536/3460/2214/3553/3123/2212/3127/3119/1535/2209/3109/7099/4688/3684/3115/3108/3113/2353/3689	20
Myeloid/TAM	Human Diseases	Immune disease	hsa05323	Rheumatoid arthritis	21/246	91/7622	0.230769230769231	7.1500938086304	10.7780251560473	6.13276031125222e-13	3.58766478208255e-11	3.58766478208255e-11	3122/526/3553/1514/3123/535/10673/3127/3119/9296/3109/533/10312/7099/9114/3115/527/3108/3113/2353/3689	21
Myeloid/TAM	Human Diseases	Immune disease	hsa05322	Systemic lupus erythematosus	14/246	52/7622	0.269230769230769	8.34177611006879	9.70103226053709	5.45715548525283e-10	2.73637367903392e-08	2.73637367903392e-08	3122/712/2214/3123/714/2212/3127/3119/2209/3109/3115/3108/3113/713	14
Myeloid/TAM	Organismal Systems	Immune system	hsa04612	Antigen processing and presentation	15/246	71/7622	0.211267605633803	6.54586052902783	8.57351600683348	5.11340763152206e-09	2.19562992762131e-07	2.19562992762131e-07	3122/10437/1520/1514/3123/972/3127/3119/3109/5641/3115/3108/3113/1508/920	15
Myeloid/TAM	Organismal Systems	Development and regeneration	hsa04380	Osteoclast differentiation	20/246	131/7622	0.152671755725191	4.73034195990815	7.86461513965667	5.62982032723413e-09	2.19562992762131e-07	2.19562992762131e-07	10859/7305/11025/3460/2214/3553/6850/1436/2212/1535/2209/140885/54209/4688/5879/6688/11006/2353/2885/10288	20
Myeloid/TAM	Human Diseases	Immune disease	hsa05310	Asthma	9/246	26/7622	0.346153846153846	10.7251407129456	9.07095829336312	6.3508349583145e-08	2.22914307036839e-06	2.22914307036839e-06	3122/3123/3127/3119/3109/3115/2207/3108/3113	9
Myeloid/TAM	Human Diseases	Infectious disease: bacterial	hsa05133	Pertussis	14/246	75/7622	0.186666666666667	5.78363143631436	7.60263688434897	8.90886471607986e-08	2.84273774122185e-06	2.84273774122185e-06	712/2771/3553/714/23643/387/929/7099/3684/29108/2353/3689/808/713	14
Myeloid/TAM	Organismal Systems	Immune system	hsa04640	Hematopoietic cell lineage	15/246	94/7622	0.159574468085106	4.94421380384017	7.02663914219972	2.67473955322715e-07	7.82361319318942e-06	7.82361319318942e-06	3122/3553/3123/1436/3127/929/3119/2209/3109/1441/3684/3115/3108/3113/920	15
Myeloid/TAM	Organismal Systems	Immune system	hsa04613	Neutrophil extracellular trap formation	15/246	107/7622	0.14018691588785	4.34351493047641	6.36053641860557	1.49121824927036e-06	3.75202655676602e-05	3.75202655676602e-05	1536/2214/6850/2359/2212/60/1535/2209/7099/4688/3684/5879/728/64581/3689	15
Myeloid/TAM	Organismal Systems	Immune system	hsa04672	Intestinal immune network for IgA production	10/246	46/7622	0.217391304347826	6.73559561682573	7.12525706388804	1.4965348089665e-06	3.75202655676602e-05	3.75202655676602e-05	3122/4055/3123/10673/3127/3119/3109/3115/3108/3113	10
Myeloid/TAM	Human Diseases	Immune disease	hsa05332	Graft-versus-host disease	9/246	39/7622	0.230769230769231	7.15009380863039	7.03163948317567	2.98173574050526e-06	6.97726163278231e-05	6.97726163278231e-05	3122/3553/3123/3127/3119/3109/3115/3108/3113	9
Myeloid/TAM	Human Diseases	Immune disease	hsa05321	Inflammatory bowel disease	11/246	64/7622	0.171875	5.32533028455285	6.34554458031926	5.18009829823143e-06	0.000106953794275249	0.000106953794275249	3122/3460/3553/3123/3127/3119/3109/7099/3115/3108/3113	11
Myeloid/TAM	Human Diseases	Cardiovascular disease	hsa05416	Viral myocarditis	11/246	64/7622	0.171875	5.32533028455285	6.34554458031926	5.18009829823143e-06	0.000106953794275249	0.000106953794275249	3122/3123/3127/60/3119/3109/5879/3115/3108/3113/3689	11
Myeloid/TAM	Human Diseases	Endocrine and metabolic disease	hsa04940	Type I diabetes mellitus	9/246	42/7622	0.214285714285714	6.63937282229965	6.69243142363437	5.76418359477063e-06	0.000112401580098027	0.000112401580098027	3122/3553/3123/3127/3119/3109/3115/3108/3113	9
Myeloid/TAM	Organismal Systems	Immune system	hsa04610	Complement and coagulation cascades	12/246	82/7622	0.146341463414634	4.53420582986318	5.87592403525541	1.08851744487491e-05	0.00020108927534268	0.00020108927534268	1675/712/2/11326/714/5265/3684/719/728/5329/3689/713	12
Myeloid/TAM	Human Diseases	Immune disease	hsa05330	Allograft rejection	8/246	36/7622	0.222222222222222	6.88527551942186	6.46360354864025	1.45211524488083e-05	0.000254846225476586	0.000254846225476586	3122/3123/3127/3119/3109/3115/3108/3113	8
Myeloid/TAM	Human Diseases	Immune disease	hsa05320	Autoimmune thyroid disease	8/246	37/7622	0.216216216216216	6.69918699186992	6.34598522090024	1.80160376905178e-05	0.000301125201398655	0.000301125201398655	3122/3123/3127/3119/3109/3115/3108/3113	8
Myeloid/TAM	Organismal Systems	Nervous system	hsa04721	Synaptic vesicle cycle	11/246	73/7622	0.150684931506849	4.66878271522441	5.75177367814153	1.91759786314026e-05	0.000305944022710106	0.000305944022710106	526/535/9296/161/533/10312/1211/9114/527/1213/1175	11
Myeloid/TAM	Human Diseases	Infectious disease: bacterial	hsa05110	Vibrio cholerae infection	9/246	49/7622	0.183673469387755	5.69089099054256	6.01564892315199	2.17991164450289e-05	0.000332673472704572	0.000332673472704572	526/535/60/2778/9296/533/10312/9114/527	9
Myeloid/TAM	Organismal Systems	Digestive system	hsa04979	Cholesterol metabolism	9/246	52/7622	0.173076923076923	5.3625703564728	5.76446831563879	3.58729583602811e-05	0.000524642016019112	0.000524642016019112	706/4035/348/3988/1593/5360/10577/19/341	9
Myeloid/TAM	Cellular Processes	Transport and catabolism	hsa04148	Efferocytosis	15/246	154/7622	0.0974025974025974	3.01789673740893	4.61976861691432	0.000125424126297853	0.00176095473322186	0.00176095473322186	3693/4035/712/3988/8754/714/23166/6446/10062/140885/84868/5879/19/1051/713	15
Myeloid/TAM	Organismal Systems	Immune system	hsa04658	Th1 and Th2 cell differentiation	11/246	90/7622	0.122222222222222	3.78690153568202	4.8568065355083	0.000138171801599101	0.00186531932158786	0.00186531932158786	3122/3460/3123/3127/3119/3109/3115/3108/3113/2353/920	11
Myeloid/TAM	Organismal Systems	Immune system	hsa04659	Th17 cell differentiation	12/246	106/7622	0.113207547169811	3.50759318913944	4.74766108347429	0.000145586779515464	0.00189262813370103	0.00189262813370103	3122/3460/3553/3123/3127/3119/3109/3115/3108/3113/2353/920	12
Myeloid/TAM	Organismal Systems	Excretory system	hsa04966	Collecting duct acid secretion	6/246	27/7622	0.222222222222222	6.88527551942186	5.59432731305422	0.000177899326844485	0.00223009513294337	0.00223009513294337	526/535/9296/10312/9114/527	6
Myeloid/TAM	Human Diseases	Infectious disease: parasitic	hsa05145	Toxoplasmosis	12/246	110/7622	0.109090909090909	3.380044345898	4.59162786037068	0.000207577316549313	0.00251240131409686	0.00251240131409686	3122/3460/2771/3123/23643/3127/3119/3109/7099/3115/3108/3113	12
Myeloid/TAM	Organismal Systems	Immune system	hsa04662	B cell receptor signaling pathway	10/246	80/7622	0.125	3.8729674796748	4.71732197901237	0.000230503890998095	0.00269689552467771	0.00269689552467771	10859/11025/975/6850/5879/11006/4067/2353/2885/10288	10
Myeloid/TAM	Cellular Processes	Cell growth and death	hsa04216	Ferroptosis	7/246	40/7622	0.175	5.42215447154472	5.12076793716388	0.000250966351545134	0.00284158675459168	0.00284158675459168	3162/1536/2512/2495/2180/2879/6303	7
Myeloid/TAM	Environmental Information Processing	Signaling molecules and interaction	hsa04514	Cell adhesion molecule (CAM) interaction	14/246	152/7622	0.0921052631578947	2.85376551133932	4.21579390285548	0.000377156574845028	0.00406688755867584	0.00406688755867584	3122/1462/6614/3123/3127/3119/3109/3684/3115/9672/3108/3113/3689/920	14
Myeloid/TAM	Human Diseases	Infectious disease: bacterial	hsa05120	Epithelial cell signaling in Helicobacter pylori infection	9/246	70/7622	0.128571428571429	3.98362369337979	4.57957480081136	0.000382356949960976	0.00406688755867584	0.00406688755867584	526/535/9296/533/10312/5879/9114/527/4067	9
Myeloid/TAM	Human Diseases	Cardiovascular disease	hsa05418	Fluid shear stress and atherosclerosis	13/246	135/7622	0.0962962962962963	2.98361939174947	4.24653192390683	0.000395698146427518	0.00408500145282526	0.00408500145282526	4208/3162/3553/1514/387/60/1535/4688/5879/9446/1843/2353/808	13
Myeloid/TAM	Organismal Systems	Immune system	hsa04666	Fc gamma R-mediated phagosome formation	10/246	96/7622	0.104166666666667	3.227472899729	4.01078164554741	0.00100558899791407	0.0100846210933668	0.0100846210933668	2214/6850/2934/2212/3055/2209/5879/10095/4082/4067	10
Myeloid/TAM	Human Diseases	Infectious disease: viral	hsa05164	Influenza A	13/246	152/7622	0.0855263157894737	2.64992511767223	3.75222443653364	0.0012187949450786	0.0118832507145164	0.0118832507145164	3122/3460/3553/3123/3127/60/3119/3109/7099/3115/3108/3113/29108	13
Myeloid/TAM	Human Diseases	Infectious disease: bacterial	hsa05100	Bacterial invasion of epithelial cells	8/246	68/7622	0.117647058823529	3.64514586322334	4.00109323968554	0.00145606789929069	0.0138129684500279	0.0138129684500279	1495/387/60/1211/5879/2335/10095/1213	8
Myeloid/TAM	Human Diseases	Infectious disease: viral	hsa05168	Herpes simplex virus 1 infection	13/246	160/7622	0.08125	2.51742886178862	3.54245049256096	0.0019419680556509	0.0179376523035123	0.0179376523035123	3122/3460/3553/3123/6850/972/3127/3119/3109/3115/3108/3113/29992	13
Myeloid/TAM	Human Diseases	Infectious disease: bacterial	hsa05134	Legionellosis	7/246	56/7622	0.125	3.8729674796748	3.94052997463801	0.00201360756577751	0.0181224680919976	0.0181224680919976	3553/4671/929/7099/3684/29108/3689	7
Myeloid/TAM	Human Diseases	Cardiovascular disease	hsa05417	Lipid and atherosclerosis	15/246	201/7622	0.0746268656716418	2.31221939085063	3.44299462220235	0.00209227948609007	0.0183597524904404	0.0183597524904404	1536/3553/23643/387/929/6648/1535/7099/4688/5879/19/29108/4067/2353/808	15
Myeloid/TAM	Human Diseases	Infectious disease: bacterial	hsa05132	Salmonella infection	17/246	246/7622	0.0691056910569106	2.14115275299094	3.32249213983573	0.00245973629922818	0.0210577424641241	0.0210577424641241	10376/23191/388/3553/4671/23643/387/302/929/60/7099/5879/10095/23207/29108/2353/6281	17
Myeloid/TAM	Organismal Systems	Immune system	hsa04670	Leukocyte transendothelial migration	10/246	111/7622	0.0900900900900901	2.79132791327913	3.47176868920265	0.00301448625205576	0.0251924922493232	0.0251924922493232	1536/2771/1495/387/60/1535/4688/3684/5879/3689	10
Myeloid/TAM	Human Diseases	Infectious disease: viral	hsa05170	Human immunodeficiency virus 1 infection	14/246	196/7622	0.0714285714285714	2.21312427409988	3.14209228555013	0.00433887530596924	0.0350805359775307	0.0350805359775307	59345/2771/2787/7099/5879/2783/162/2782/25939/2353/8905/808/7133/920	14
Myeloid/TAM	Human Diseases	Infectious disease: bacterial	hsa05135	Yersinia infection	11/246	136/7622	0.0808823529411765	2.50603778096605	3.23626063031919	0.0043975600655594	0.0350805359775307	0.0350805359775307	3553/387/2212/60/7099/5879/2335/10095/29108/2353/920	11
Myeloid/TAM	Human Diseases	Infectious disease: viral	hsa05166	Human T-cell leukemia virus 1 infection	15/246	218/7622	0.0688073394495413	2.13190870440814	3.0964888589536	0.00453669561074734	0.0353862257638292	0.0353862257638292	3122/706/7094/4055/3123/3127/3119/3109/6688/3115/3108/3113/2353/3689/920	15
Myeloid/TAM	Human Diseases	Infectious disease: parasitic	hsa05146	Amoebiasis	9/246	100/7622	0.09	2.78853658536585	3.28771561301537	0.00484121736212116	0.0369405933500984	0.0369405933500984	3315/5269/3553/929/2778/7099/3684/2335/3689	9
Myeloid/TAM	Human Diseases	Cancer: specific types	hsa05221	Acute myeloid leukemia	7/246	66/7622	0.106060606060606	3.28615422517862	3.40639179707821	0.00514948075966086	0.038456760566829	0.038456760566829	1436/929/2209/3684/6688/597/2885	7
Myeloid/TAM	Environmental Information Processing	Signal transduction	hsa04064	NF-kappa B signaling pathway	9/246	102/7622	0.0882352941176471	2.7338593974175	3.21934946529531	0.0055142739616093	0.0395002073576503	0.0395002073576503	4055/3553/6850/23643/10673/929/7099/4067/597	9
Myeloid/TAM	Human Diseases	Infectious disease: parasitic	hsa05142	Chagas disease	9/246	102/7622	0.0882352941176471	2.7338593974175	3.21934946529531	0.0055142739616093	0.0395002073576503	0.0395002073576503	3460/712/2771/3553/714/2778/7099/2353/713	9
Myeloid/TAM	Organismal Systems	Immune system	hsa04611	Platelet activation	10/246	123/7622	0.0813008130081301	2.51900323881288	3.10150623897615	0.00627049825465958	0.0440188977477103	0.0440188977477103	7094/2771/6850/387/2212/60/2778/8673/2207/4067	10
Myeloid/TAM	Organismal Systems	Endocrine system	hsa03320	PPAR signaling pathway	7/246	69/7622	0.101449275362319	3.14327795451868	3.26592630131134	0.00657583322411506	0.0452572051306743	0.0452572051306743	1622/1593/5360/123/2180/10062/2171	7
Myeloid/TAM	Human Diseases	Endocrine and metabolic disease	hsa04936	Alcoholic liver disease	10/246	126/7622	0.0793650793650794	2.45902697122209	3.01576074726421	0.00740539558875403	0.0499864202240897	0.0499864202240897	712/3553/714/23643/929/217/7099/719/728/713	10
T/NK	Organismal Systems	Immune system	hsa04650	Natural killer cell mediated cytotoxicity	25/208	110/7622	0.227272727272727	8.32823426573427	12.9666937769137	9.04713911058751e-17	3.17554582781622e-14	3.17554582781622e-14	919/3458/3821/7305/3133/4068/2207/5880/5295/117157/7535/3824/3932/3002/3107/3106/5551/259197/27040/2214/3105/10870/2534/3689/3823	25
T/NK	Organismal Systems	Immune system	hsa04660	T cell receptor signaling pathway	23/208	119/7622	0.19327731092437	7.08249838396897	11.2008083701355	6.968062190675e-14	1.22289491446346e-11	1.22289491446346e-11	919/959/5788/915/3458/1326/868/3702/917/5295/7535/3932/940/29851/3725/916/27040/2534/1493/926/925/4792/2353	23
T/NK	Organismal Systems	Immune system	hsa04659	Th17 cell differentiation	18/208	106/7622	0.169811320754717	6.22260522496372	9.0689728818018	3.93354852959725e-10	4.36606719758967e-08	4.36606719758967e-08	919/7040/3326/915/3458/3320/917/6095/7535/3932/6774/30009/3725/916/3560/27040/4792/2353	18
T/NK	Organismal Systems	Immune system	hsa04612	Antigen processing and presentation	15/208	71/7622	0.211267605633803	7.74173889490791	9.55895077406545	4.97557515394834e-10	4.36606719758967e-08	4.36606719758967e-08	3326/3458/3821/3320/3133/5720/3312/3824/3107/3106/567/3105/926/925/3823	15
T/NK	Human Diseases	Cancer: overview	hsa05235	PD-L1 expression and PD-1 checkpoint pathway in cancer	16/208	88/7622	0.181818181818182	6.66258741258741	8.94859400679226	1.36031112770153e-09	9.54938411646476e-08	9.54938411646476e-08	919/915/3458/917/5295/7535/27436/3932/6774/940/10538/3725/916/27040/4792/2353	16
T/NK	Human Diseases	Infectious disease: viral	hsa05162	Measles	18/208	121/7622	0.148760330578512	5.45120788302606	8.26651270038796	3.62594817128348e-09	2.12117968020084e-07	2.12117968020084e-07	8717/915/868/7128/896/917/5295/3312/6774/940/3725/916/3560/1027/10399/8667/4792/2353	18
T/NK	Human Diseases	Immune disease	hsa05340	Primary immunodeficiency	10/208	36/7622	0.277777777777778	10.178952991453	9.24590303100486	2.52534894995676e-08	1.26628211633546e-06	1.26628211633546e-06	959/5788/915/3575/7535/3932/29851/916/926/925	10
T/NK	Human Diseases	Immune disease	hsa05332	Graft-versus-host disease	10/208	39/7622	0.256410256410256	9.39595660749507	8.80426930604836	5.87964230568121e-08	2.56516653284812e-06	2.56516653284812e-06	3458/3821/3133/3824/3002/3107/940/3106/5551/3105	10
T/NK	Human Diseases	Infectious disease: viral	hsa05167	Kaposi sarcoma-associated herpesvirus infection	20/208	178/7622	0.112359550561798	4.11732929991357	7.04856741567748	6.57735008422596e-08	2.56516653284812e-06	2.56516653284812e-06	8717/7311/3133/9976/4609/7314/5295/6774/7538/51176/3107/3106/7316/3725/6932/54331/3105/801/4792/2353	20
T/NK	Organismal Systems	Immune system	hsa04658	Th1 and Th2 cell differentiation	14/208	90/7622	0.155555555555556	5.70021367521367	7.51268289958084	1.19060213830415e-07	4.04619499666894e-06	4.04619499666894e-06	919/915/3458/864/917/7535/3932/30009/3725/916/3560/27040/4792/2353	14
T/NK	Human Diseases	Infectious disease: viral	hsa05169	Epstein-Barr virus infection	20/208	186/7622	0.10752688172043	3.94023986765922	6.79956141920303	1.37338610875253e-07	4.04619499666894e-06	4.04619499666894e-06	8717/919/915/864/3133/7128/4609/896/917/5295/6774/4616/3107/3106/567/3725/916/1027/3105/4792	20
T/NK	Environmental Information Processing	Signaling molecules and interaction	hsa04514	Cell adhesion molecule (CAM) interaction	18/208	152/7622	0.118421052631579	4.3394483805668	6.96542443764859	1.38331452877571e-07	4.04619499666894e-06	4.04619499666894e-06	6404/959/5788/3133/923/6693/3107/940/3106/29851/914/3105/6402/1493/4267/926/3689/925	18
T/NK	Organismal Systems	Immune system	hsa04062	Chemokine signaling pathway	20/208	190/7622	0.105263157894737	3.85728744939271	6.68019655266556	1.95358450789284e-07	5.27467817131066e-06	5.27467817131066e-06	6375/6348/6351/6846/10663/9560/3702/2268/5880/7852/2833/5908/1524/5295/1236/6774/54331/1235/6352/4792	20
T/NK	Human Diseases	Immune disease	hsa05330	Allograft rejection	9/208	36/7622	0.25	9.16105769230769	8.22058334145241	3.50679911344048e-07	8.7920463486972e-06	8.7920463486972e-06	959/3458/3133/3002/3107/940/3106/5551/3105	9
T/NK	Human Diseases	Immune disease	hsa05320	Autoimmune thyroid disease	9/208	37/7622	0.243243243243243	8.91346153846154	8.08166646386263	4.52537302795814e-07	1.0119615336488e-05	1.0119615336488e-05	959/3133/3002/3107/940/3106/5551/3105/1493	9
T/NK	Organismal Systems	Development and regeneration	hsa04380	Osteoclast differentiation	16/208	131/7622	0.122137404580153	4.47563123899002	6.7206425732503	4.61293006791478e-07	1.0119615336488e-05	1.0119615336488e-05	3726/7040/9021/3458/7305/1540/5295/3932/8651/814/3725/2214/2534/2354/4792/2353	16
T/NK	Human Diseases	Infectious disease: viral	hsa05170	Human immunodeficiency virus 1 infection	19/208	196/7622	0.0969387755102041	3.55224686028257	6.06295854665573	1.43150087663409e-06	2.9556282805798e-05	2.9556282805798e-05	8717/919/915/3133/60489/5880/7852/917/5295/3107/3106/567/3725/916/54331/3105/801/4792/2353	19
T/NK	Human Diseases	Infectious disease: viral	hsa05166	Human T-cell leukemia virus 1 infection	20/208	218/7622	0.091743119266055	3.36185603387438	5.92597508240867	1.78498103129175e-06	3.48071301101892e-05	3.48071301101892e-05	7040/915/3133/4609/896/917/5295/3932/2113/7538/3107/3106/567/3725/916/3560/3105/3689/4792/2353	20
T/NK	Environmental Information Processing	Signaling molecules and interaction	hsa04060	Cytokine-cytokine receptor interaction	22/208	266/7622	0.0827067669172932	3.03072585309427	5.6465426561903	3.03231029938789e-06	5.60179428992184e-05	5.60179428992184e-05	7040/959/6375/939/3458/3575/6348/6351/6846/10663/9560/7852/2833/1524/1236/4050/8718/3560/7293/1235/6352/9235	22
T/NK	Environmental Information Processing	Signal transduction	hsa04064	NF-kappa B signaling pathway	13/208	102/7622	0.127450980392157	4.6703431372549	6.2504198568249	3.52224497832845e-06	6.18153993696643e-05	6.18153993696643e-05	8717/959/330/6351/1540/9560/7128/7535/4050/3932/4616/27040/4792	13
T/NK	Human Diseases	Cardiovascular disease	hsa05416	Viral myocarditis	10/208	64/7622	0.15625	5.72566105769231	6.35858483328503	7.72045575486866e-06	0.000129041903331376	0.000129041903331376	959/3133/5880/3107/940/3106/5551/3105/2534/3689	10
T/NK	Organismal Systems	Immune system	hsa04640	Hematopoietic cell lineage	12/208	94/7622	0.127659574468085	4.67798690671031	6.00960126815154	8.29342704728568e-06	0.000132317858799876	0.000132317858799876	3672/921/915/3575/2323/917/951/914/916/924/926/925	12
T/NK	Environmental Information Processing	Signaling molecules and interaction	hsa04061	Viral protein interaction with cytokine and cytokine receptor	12/208	99/7622	0.121212121212121	4.44172494172494	5.77310668194261	1.4240540757266e-05	0.00020348027064575	0.00020348027064575	6375/6348/6351/6846/9560/7852/2833/1524/1236/3560/1235/6352	12
T/NK	Human Diseases	Endocrine and metabolic disease	hsa04940	Type I diabetes mellitus	8/208	42/7622	0.19047619047619	6.97985347985348	6.50866535505403	1.42773075919181e-05	0.00020348027064575	0.00020348027064575	3458/3133/3002/3107/940/3106/5551/3105	8
T/NK	Human Diseases	Infectious disease: viral	hsa05163	Human cytomegalovirus infection	18/208	209/7622	0.0861244019138756	3.15596245859404	5.29332664627347	1.44928967696403e-05	0.00020348027064575	0.00020348027064575	8717/6348/3133/6351/9560/4609/5880/7852/5295/6774/3107/3106/567/54331/3105/6352/801/4792	18
T/NK	Environmental Information Processing	Signal transduction	hsa04668	TNF signaling pathway	13/208	118/7622	0.110169491525424	4.03707627118644	5.56880033737869	1.78369399078159e-05	0.000240798688755515	0.000240798688755515	3659/3726/8717/9021/1326/330/1540/7128/5295/3725/6352/4792/2353	13
T/NK	Human Diseases	Infectious disease: parasitic	hsa05142	Chagas disease	12/208	102/7622	0.117647058823529	4.31108597285068	5.63862198667312	1.9369460641268e-05	0.000251802988336484	0.000251802988336484	919/7040/915/3458/6348/917/5295/3725/916/6352/4792/2353	12
T/NK	Human Diseases	Infectious disease: viral	hsa05168	Herpes simplex virus 1 infection	14/208	160/7622	0.0875	3.20637019230769	4.72413291413723	0.000112484244831372	0.00141007035485041	0.00141007035485041	8717/9021/3458/3133/330/6427/5295/3107/3106/567/3105/6432/6352/4792	14
T/NK	Human Diseases	Infectious disease: bacterial	hsa05132	Salmonella infection	18/208	246/7622	0.0731707317073171	2.6812851782364	4.4896226602246	0.000125325710216048	0.00151687325123562	0.00151687325123562	8717/3326/2316/5788/3320/330/79026/5216/7277/4609/399/51176/103910/3725/6932/10627/4792/2353	18
T/NK	Human Diseases	Immune disease	hsa05323	Rheumatoid arthritis	10/208	91/7622	0.10989010989011	4.02683854606932	4.86513600822909	0.000172505506235729	0.00201831442295803	0.00201831442295803	7040/3458/6348/4050/940/3725/1493/3689/6352/2353	10
T/NK	Organismal Systems	Immune system	hsa04670	Leukocyte transendothelial migration	11/208	111/7622	0.0990990990990991	3.63141025641026	4.67748635162863	0.000208077192729233	0.00235597079509551	0.0023559707950955	3702/5880/7852/5908/5295/7430/399/103910/10627/4267/3689	11
T/NK	Cellular Processes	Cell growth and death	hsa04210	Apoptosis	12/208	133/7622	0.0902255639097744	3.30624638519375	4.4939782421775	0.000261971216988495	0.00287349678634256	0.00287349678634256	8717/330/7277/5295/4170/4616/3002/5551/1521/3725/4792/2353	12
T/NK	Cellular Processes	Cell growth and death	hsa04218	Cellular senescence	13/208	154/7622	0.0844155844155844	3.09334415584416	4.39551936302527	0.000282620739907525	0.00300605696083458	0.00300605696083458	7040/3133/4609/896/678/5295/4616/2113/3107/3106/5934/3105/801	13
T/NK	Human Diseases	Infectious disease: bacterial	hsa05135	Yersinia infection	12/208	136/7622	0.0882352941176471	3.23331447963801	4.40155144188748	0.000322422920595609	0.00332854250379585	0.00332854250379585	5880/5295/7535/3932/7456/2533/3725/27040/926/925/4792/2353	12
T/NK	Human Diseases	Cancer: specific types	hsa05210	Colorectal cancer	9/208	86/7622	0.104651162790698	3.83486135957066	4.42814631600163	0.000525944702310755	0.00527447401460215	0.00527447401460215	7040/4609/5880/5295/4616/51176/3725/6932/2353	9
T/NK	Environmental Information Processing	Signal transduction	hsa04630	JAK-STAT signaling pathway	12/208	146/7622	0.0821917808219178	3.01185458377239	4.11102128943448	0.000616327173369856	0.0060091899403561	0.0060091899403561	9021/3458/3575/4609/896/5295/4170/1154/6774/8651/3560/5292	12
T/NK	Human Diseases	Infectious disease: parasitic	hsa05140	Leishmaniasis	8/208	74/7622	0.108108108108108	3.96153846153846	4.28774203417568	0.000863040607535282	0.00818722306067254	0.00818722306067254	7040/3458/1915/3725/2214/3689/4792/2353	8
T/NK	Organismal Systems	Immune system	hsa04657	IL-17 signaling pathway	9/208	93/7622	0.0967741935483871	3.5462158808933	4.13789442391142	0.00093333007925639	0.00862102257418403	0.00862102257418403	8717/3326/3458/3320/7128/3725/2354/4792/2353	9
T/NK	Organismal Systems	Immune system	hsa04620	Toll-like receptor signaling pathway	9/208	94/7622	0.0957446808510638	3.50849018003273	4.09871653962844	0.00100822125693855	0.00907399131244698	0.00907399131244698	6348/1326/6351/9560/5295/3725/6352/4792/2353	9
T/NK	Human Diseases	Cancer: overview	hsa05203	Viral carcinogenesis	12/208	163/7622	0.0736196319018405	2.69773478055687	3.66973498301811	0.00161976191637607	0.0142134108162	0.0142134108162	8717/3133/896/5295/6774/3107/3106/5934/3725/1027/3105/4792	12
T/NK	Organismal Systems	Immune system	hsa04625	C-type lectin receptor signaling pathway	9/208	103/7622	0.087378640776699	3.20192307692308	3.76835726837504	0.00192656223150882	0.0164932522746243	0.0164932522746243	3659/2207/1540/868/5295/3725/4046/801/4792	9
T/NK	Human Diseases	Infectious disease: parasitic	hsa05144	Malaria	6/208	49/7622	0.122448979591837	4.4870486656201	4.1014122811847	0.00201873788348803	0.0165399771182935	0.0165399771182935	7040/959/3458/2995/3820/3689	6
T/NK	Human Diseases	Cancer: specific types	hsa05221	Acute myeloid leukemia	7/208	66/7622	0.106060606060606	3.88650932400932	3.94466671270471	0.00202626500309578	0.0165399771182935	0.0165399771182935	4609/5295/6774/11040/51176/6932/5292	7
T/NK	Organismal Systems	Endocrine system	hsa04917	Prolactin signaling pathway	7/208	68/7622	0.102941176470588	3.77220022624434	3.84593480709345	0.00240927692576416	0.0192194591123459	0.0192194591123459	3659/9021/5295/1154/6774/8651/2353	7
T/NK	Environmental Information Processing	Signal transduction	hsa04068	FoxO signaling pathway	10/208	128/7622	0.078125	2.86283052884615	3.55985939319417	0.00254030812899048	0.0198144034061257	0.0198144034061257	10365/7040/3575/8698/5295/6774/4616/1901/5934/1027	10
T/NK	Human Diseases	Cardiovascular disease	hsa05417	Lipid and atherosclerosis	13/208	201/7622	0.0646766169154229	2.37002487562189	3.29690644185299	0.00331992557706688	0.0253324755989234	0.0253324755989234	959/3326/3320/6348/5908/5295/3312/6774/3725/6352/801/4792/2353	13
T/NK	Human Diseases	Cardiovascular disease	hsa05418	Fluid shear stress and atherosclerosis	10/208	135/7622	0.0740740740740741	2.71438746438746	3.36614878170304	0.00374047504431439	0.0279341859692415	0.0279341859692415	10365/3326/3458/3320/5880/5295/3725/1843/801/2353	10
T/NK	Human Diseases	Cancer: overview	hsa05206	MicroRNAs in cancer	11/208	160/7622	0.06875	2.51929086538462	3.25300441799595	0.00426390428886365	0.0311798001123154	0.0311798001123154	27250/994/4609/5295/4170/7430/6774/8651/54541/1027/5292	11
T/NK	Cellular Processes	Cell growth and death	hsa04217	Necroptosis	9/208	120/7622	0.075	2.74831730769231	3.23320846750377	0.00539656840476287	0.0386323387602991	0.0386323387602991	8717/3326/3458/3320/330/1540/7128/6774/3146	9
T/NK	Environmental Information Processing	Signal transduction	hsa04010	MAPK signaling pathway	16/208	289/7622	0.055363321799308	2.02874634016503	2.98626084198065	0.00550318215958677	0.0386323387602991	0.0386323387602991	8717/7040/2316/1326/1846/2323/1844/994/4609/5880/5908/3312/4616/3725/1843/2353	16
T/NK	Environmental Information Processing	Signaling molecules and interaction	hsa04517	IgSF CAM signaling	16/208	290/7622	0.0551724137931034	2.02175066312997	2.97128326220838	0.00568645333528841	0.0391361788369849	0.0391361788369849	4068/7277/5908/5295/4627/7430/117157/3932/103910/940/914/10225/10627/2534/4155/3689	16
