gene	cluster	rank	score	logfoldchange	pval	pval_adj	n_cells	dominant_existing_celltype	classic_marker_based_label	proposed_global_annotation	broad_annotation	is_technical	neg_log10_padj	de_status	ENTREZID
MS4A1	8	2	46.1614265441895	10.7866725921631	0	0	861	B cell_C3	B/Plasma	B/Plasma | ref:B cell_C3	B/Plasma	FALSE	300	up	931
CD79A	8	1	46.6612358093262	6.87539434432983	0	0	861	B cell_C3	B/Plasma	B/Plasma | ref:B cell_C3	B/Plasma	FALSE	300	up	973
HLA-DRA	8	5	42.2217292785645	4.5838680267334	0	0	861	B cell_C3	B/Plasma	B/Plasma | ref:B cell_C3	B/Plasma	FALSE	300	up	3122
HLA-DQA1	8	6	41.1291694641113	4.22313690185547	0	0	861	B cell_C3	B/Plasma	B/Plasma | ref:B cell_C3	B/Plasma	FALSE	300	up	3117
CD74	8	4	43.9656295776367	3.87636160850525	0	0	861	B cell_C3	B/Plasma	B/Plasma | ref:B cell_C3	B/Plasma	FALSE	300	up	972
HLA-DRB1	8	7	38.3092460632324	3.4701042175293	0	0	861	B cell_C3	B/Plasma	B/Plasma | ref:B cell_C3	B/Plasma	FALSE	300	up	3123
CD37	8	3	44.8842239379883	2.85682916641235	0	0	861	B cell_C3	B/Plasma	B/Plasma | ref:B cell_C3	B/Plasma	FALSE	300	up	951
HLA-DPB1	8	8	36.7610549926758	2.98153400421143	7.74226619224496e-296	2.63004782550575e-292	861	B cell_C3	B/Plasma	B/Plasma | ref:B cell_C3	B/Plasma	FALSE	291.580036354109	up	3115
HLA-DQB1	8	9	36.1455993652344	3.59138083457947	4.36257570626049e-286	1.31730397103706e-282	861	B cell_C3	B/Plasma	B/Plasma | ref:B cell_C3	B/Plasma	FALSE	281.880313998985	up	3119
HLA-DPA1	8	10	35.994873046875	2.92727589607239	1.00624618770924e-283	2.73457463971863e-280	861	B cell_C3	B/Plasma	B/Plasma | ref:B cell_C3	B/Plasma	FALSE	279.563110218138	up	3113
CD79B	8	11	35.9008598327637	5.11997318267822	2.96168823581023e-282	7.31698540876171e-279	861	B cell_C3	B/Plasma	B/Plasma | ref:B cell_C3	B/Plasma	FALSE	278.135667811018	up	974
BANK1	8	12	35.4986991882324	7.95558309555054	5.14807618331974e-276	1.16586765298248e-272	861	B cell_C3	B/Plasma	B/Plasma | ref:B cell_C3	B/Plasma	FALSE	271.93335074704	up	55024
VPREB3	8	13	33.7630157470703	8.90453243255615	6.88724906690318e-250	1.24778587094774e-246	861	B cell_C3	B/Plasma	B/Plasma | ref:B cell_C3	B/Plasma	FALSE	245.903859936324	up	29802
HVCN1	8	14	31.926233291626	4.71444225311279	1.15500037113629e-223	1.56941450429999e-220	861	B cell_C3	B/Plasma	B/Plasma | ref:B cell_C3	B/Plasma	FALSE	219.804262338022	up	84329
NCF1	8	15	31.188627243042	2.74243307113647	1.51970872602898e-213	1.96664782564588e-210	861	B cell_C3	B/Plasma	B/Plasma | ref:B cell_C3	B/Plasma	FALSE	209.706273403717	up	653361
MEF2C	8	16	30.9363746643066	3.52521276473999	3.8747759788177e-210	4.57830052175435e-207	861	B cell_C3	B/Plasma	B/Plasma | ref:B cell_C3	B/Plasma	FALSE	206.339295703436	up	4208
RALGPS2	8	17	30.3497447967529	5.83844137191772	2.53208320992171e-202	2.86716222136802e-199	861	B cell_C3	B/Plasma	B/Plasma | ref:B cell_C3	B/Plasma	FALSE	198.542547734381	up	55103
LINC00926	8	18	30.1282501220703	9.18531131744385	2.06756799644105e-199	2.24752911485128e-196	861	B cell_C3	B/Plasma	B/Plasma | ref:B cell_C3	B/Plasma	FALSE	195.648294673638	up	283663
CD19	8	19	29.6659545898438	7.58658266067505	2.111877525335e-193	2.20739937032708e-190	861	B cell_C3	B/Plasma	B/Plasma | ref:B cell_C3	B/Plasma	FALSE	189.65611908567	up	930
HLA-DMA	8	22	28.6689624786377	2.64114189147949	9.30361866894158e-181	7.66167093779262e-178	861	B cell_C3	B/Plasma	B/Plasma | ref:B cell_C3	B/Plasma	FALSE	177.115676504529	up	3108
IGHM	8	23	28.4943351745605	6.3534460067749	1.37692065090578e-178	1.10056457673575e-175	861	B cell_C3	B/Plasma	B/Plasma | ref:B cell_C3	B/Plasma	FALSE	174.958384469697	up	3507
FCMR	8	24	28.326473236084	2.51701760292053	1.63165601633792e-176	1.26691096857141e-173	861	B cell_C3	B/Plasma	B/Plasma | ref:B cell_C3	B/Plasma	FALSE	172.897253903835	up	9214
CD83	8	26	27.3641300201416	3.81868195533752	7.33302625753282e-165	5.24427162038715e-162	861	B cell_C3	B/Plasma	B/Plasma | ref:B cell_C3	B/Plasma	FALSE	161.280314822668	up	9308
CXCR4	8	29	25.7006397247314	2.34403109550476	1.14978420913854e-145	7.10148537898843e-143	861	B cell_C3	B/Plasma	B/Plasma | ref:B cell_C3	B/Plasma	FALSE	142.14865080277	up	7852
LAPTM5	8	30	25.6689414978027	1.35343647003174	2.59862910521432e-145	1.56934099029565e-142	861	B cell_C3	B/Plasma	B/Plasma | ref:B cell_C3	B/Plasma	FALSE	141.804282681579	up	7805
HLA-DRB5	8	31	25.6264495849609	2.28737759590149	7.74050264736376e-145	4.57295434662516e-142	861	B cell_C3	B/Plasma	B/Plasma | ref:B cell_C3	B/Plasma	FALSE	141.339803134309	up	3127
SNX2	8	32	25.204137802124	2.5807671546936	3.60841081912016e-140	2.0429619254252e-137	861	B cell_C3	B/Plasma	B/Plasma | ref:B cell_C3	B/Plasma	FALSE	136.689739727216	up	6643
ADAM28	8	33	25.1943473815918	4.54147338867188	4.61983577243013e-140	2.56221748880737e-137	861	B cell_C3	B/Plasma	B/Plasma | ref:B cell_C3	B/Plasma	FALSE	136.591384008791	up	10863
BLK	8	34	24.9237766265869	6.3287181854248	4.11088669986646e-137	2.10787654633153e-134	861	B cell_C3	B/Plasma	B/Plasma | ref:B cell_C3	B/Plasma	FALSE	133.676154828382	up	640
BTG1	8	36	23.8463859558105	1.46068274974823	1.10395602430255e-125	4.91821457646659e-123	861	B cell_C3	B/Plasma	B/Plasma | ref:B cell_C3	B/Plasma	FALSE	122.308192527378	up	694
IRF7	19	1	13.3722286224365	6.09433937072754	8.78679364746857e-41	2.38789904163606e-36	60	pDCs	B/Plasma	B/Plasma | ref:pDCs	B/Plasma	FALSE	35.6219840387601	up	3665
SERPINF1	19	2	13.0530872344971	7.63384866714478	6.10232409863931e-39	8.2918379852311e-35	60	pDCs	B/Plasma	B/Plasma | ref:pDCs	B/Plasma	FALSE	34.0813491922038	up	5176
GZMB	19	3	12.8995361328125	5.98865985870361	4.52817007064234e-38	4.10191832799254e-34	60	pDCs	B/Plasma	B/Plasma | ref:pDCs	B/Plasma	FALSE	33.3870129909826	up	3002
IRF8	19	4	12.8306560516357	6.59613370895386	1.10424984597959e-37	7.50227345358535e-34	60	pDCs	B/Plasma	B/Plasma | ref:pDCs	B/Plasma	FALSE	33.1248071101108	up	3394
PLD4	19	5	12.648232460022	7.71145629882812	1.14419381179645e-36	6.21892220587606e-33	60	pDCs	B/Plasma	B/Plasma | ref:pDCs	B/Plasma	FALSE	32.2062848758557	up	122618
UGCG	19	6	12.546422958374	5.92393398284912	4.15877602813711e-36	1.8836482890109e-32	60	pDCs	B/Plasma	B/Plasma | ref:pDCs	B/Plasma	FALSE	31.7250001845586	up	7357
TCF4	19	7	12.51744556427	6.28810548782349	5.99327694118504e-36	2.32676134505207e-32	60	pDCs	B/Plasma	B/Plasma | ref:pDCs	B/Plasma	FALSE	31.6332481598341	up	6925
TSPAN13	19	8	12.4298839569092	7.55543851852417	1.79894690041187e-35	6.11102262069911e-32	60	pDCs	B/Plasma	B/Plasma | ref:pDCs	B/Plasma	FALSE	31.213886108683	up	27075
HERPUD1	19	9	12.3899927139282	3.98229932785034	2.96069093587725e-35	8.93997076371111e-32	60	pDCs	B/Plasma	B/Plasma | ref:pDCs	B/Plasma	FALSE	31.0486639014703	up	9709
SPIB	19	10	12.2583875656128	6.73374843597412	1.51484848532605e-34	4.11675224372206e-31	60	pDCs	B/Plasma	B/Plasma | ref:pDCs	B/Plasma	FALSE	30.3854452691264	up	6689
CCDC50	19	12	12.226731300354	5.84922742843628	2.23762079175707e-34	5.0674652197325e-31	60	pDCs	B/Plasma	B/Plasma | ref:pDCs	B/Plasma	FALSE	30.2952092233809	up	152137
PPP1R14B	19	11	12.2311182022095	5.22303247451782	2.11999234106931e-34	5.0674652197325e-31	60	pDCs	B/Plasma	B/Plasma | ref:pDCs	B/Plasma	FALSE	30.2952092233809	up	26472
MAP1A	19	13	12.2001066207886	8.03210639953613	3.10418462499222e-34	6.4891785668299e-31	60	pDCs	B/Plasma	B/Plasma | ref:pDCs	B/Plasma	FALSE	30.1878102749209	up	4130
LILRA4	19	14	12.0489873886108	11.3870487213135	1.96346420261084e-33	3.81136451215372e-30	60	pDCs	B/Plasma	B/Plasma | ref:pDCs	B/Plasma	FALSE	29.4189195140862	up	23547
JCHAIN	19	15	11.9894552230835	5.33798313140869	4.03551137556431e-33	7.31127047615571e-30	60	pDCs	B/Plasma	B/Plasma | ref:pDCs	B/Plasma	FALSE	29.1360071493292	up	3512
PLAC8	19	16	11.9619874954224	4.62866163253784	5.62004700596968e-33	9.5456498396395e-30	60	pDCs	B/Plasma	B/Plasma | ref:pDCs	B/Plasma	FALSE	29.0201945007787	up	51316
APP	19	17	11.8591241836548	5.3735408782959	1.92982732653753e-32	3.084999260352e-29	60	pDCs	B/Plasma	B/Plasma | ref:pDCs	B/Plasma	FALSE	28.5107449357556	up	351
ITM2C	19	18	11.7824649810791	4.57612085342407	4.80662667666477e-32	7.25693814250233e-29	60	pDCs	B/Plasma	B/Plasma | ref:pDCs	B/Plasma	FALSE	28.1392465787904	up	81618
C12orf75	19	19	11.7638654708862	3.93318390846252	5.99267384007156e-32	8.57141601462024e-29	60	pDCs	B/Plasma	B/Plasma | ref:pDCs	B/Plasma	FALSE	28.0669474258555	up	387882
BCL11A	19	20	11.6123371124268	6.5303807258606	3.5672992904382e-31	4.84724627584742e-28	60	pDCs	B/Plasma	B/Plasma | ref:pDCs	B/Plasma	FALSE	27.3145049143551	up	53335
LRRC26	19	21	11.6077747344971	13.2231426239014	3.76280660860395e-31	4.86943011406767e-28	60	pDCs	B/Plasma	B/Plasma | ref:pDCs	B/Plasma	FALSE	27.3125218627685	up	389816
SCT	19	22	11.6002407073975	11.4774951934814	4.1091910862809e-31	5.07597168003499e-28	60	pDCs	B/Plasma	B/Plasma | ref:pDCs	B/Plasma	FALSE	27.2944808095952	up	6343
SEC61B	19	23	11.5783071517944	2.75384712219238	5.30842041369278e-31	6.27224492010935e-28	60	pDCs	B/Plasma	B/Plasma | ref:pDCs	B/Plasma	FALSE	27.2025769915584	up	10952
MPEG1	19	24	11.5220146179199	5.00726175308228	1.02193352721155e-30	1.15716939731255e-27	60	pDCs	B/Plasma	B/Plasma | ref:pDCs	B/Plasma	FALSE	26.9366030602937	up	219972
CLIC3	19	25	11.4616394042969	4.14706468582153	2.05585426662716e-30	2.23479582199439e-27	60	pDCs	B/Plasma	B/Plasma | ref:pDCs	B/Plasma	FALSE	26.6507621492353	up	9022
GAS6	19	26	11.3628005981445	5.30195426940918	6.40574655545765e-30	6.69548339965835e-27	60	pDCs	B/Plasma	B/Plasma | ref:pDCs	B/Plasma	FALSE	26.1742180623823	up	2621
CD74	19	27	11.3427267074585	3.68029022216797	8.0593732826041e-30	8.1119084565944e-27	60	pDCs	B/Plasma	B/Plasma | ref:pDCs	B/Plasma	FALSE	26.0908769590241	up	972
TXN	19	29	11.2459115982056	3.36440658569336	2.425782036863e-29	2.27320871150996e-26	60	pDCs	B/Plasma	B/Plasma | ref:pDCs	B/Plasma	FALSE	25.643360688298	up	7295
DERL3	19	30	11.2382955551147	5.30703401565552	2.64437917304637e-29	2.39545494689027e-26	60	pDCs	B/Plasma	B/Plasma | ref:pDCs	B/Plasma	FALSE	25.6206119928296	up	91319
CYB561A3	19	31	11.2283172607422	4.46937370300293	2.96063648393382e-29	2.59542764798018e-26	60	pDCs	B/Plasma	B/Plasma | ref:pDCs	B/Plasma	FALSE	25.5857910733237	up	220002
JCHAIN	7	1	52.6561622619629	11.6179761886597	0	0	1007	Plasma_C0	B/Plasma	B/Plasma | ref:Plasma_C0	B/Plasma	FALSE	300	up	3512
IGHA1	7	5	45.0473403930664	10.1011123657227	0	0	1007	Plasma_C0	B/Plasma	B/Plasma | ref:Plasma_C0	B/Plasma	FALSE	300	up	3493
DERL3	7	4	49.4624862670898	8.40528202056885	0	0	1007	Plasma_C0	B/Plasma	B/Plasma | ref:Plasma_C0	B/Plasma	FALSE	300	up	91319
MZB1	7	3	51.434627532959	8.35794639587402	0	0	1007	Plasma_C0	B/Plasma	B/Plasma | ref:Plasma_C0	B/Plasma	FALSE	300	up	51237
IGLL5	7	12	37.7793197631836	8.25563716888428	0	0	1007	Plasma_C0	B/Plasma	B/Plasma | ref:Plasma_C0	B/Plasma	FALSE	300	up	100423062
CD79A	7	6	43.9880294799805	5.28743410110474	0	0	1007	Plasma_C0	B/Plasma	B/Plasma | ref:Plasma_C0	B/Plasma	FALSE	300	up	973
SSR4	7	2	51.8746376037598	3.78320598602295	0	0	1007	Plasma_C0	B/Plasma	B/Plasma | ref:Plasma_C0	B/Plasma	FALSE	300	up	6748
PRDX4	7	10	38.234130859375	3.69776916503906	0	0	1007	Plasma_C0	B/Plasma	B/Plasma | ref:Plasma_C0	B/Plasma	FALSE	300	up	10549
FKBP11	7	8	39.2588844299316	3.57570123672485	0	0	1007	Plasma_C0	B/Plasma	B/Plasma | ref:Plasma_C0	B/Plasma	FALSE	300	up	51303
SEC11C	7	7	43.662483215332	3.52970051765442	0	0	1007	Plasma_C0	B/Plasma	B/Plasma | ref:Plasma_C0	B/Plasma	FALSE	300	up	90701
FKBP2	7	11	38.1915283203125	2.8420717716217	0	0	1007	Plasma_C0	B/Plasma	B/Plasma | ref:Plasma_C0	B/Plasma	FALSE	300	up	2286
HSP90B1	7	9	38.4935913085938	2.59794473648071	0	0	1007	Plasma_C0	B/Plasma	B/Plasma | ref:Plasma_C0	B/Plasma	FALSE	300	up	7184
TNFRSF17	7	13	36.1164855957031	7.9382791519165	1.24999991397264e-285	3.2352378725829e-283	1007	Plasma_C0	B/Plasma	B/Plasma | ref:Plasma_C0	B/Plasma	FALSE	282.490093782089	up	608
SSR3	7	14	33.2044143676758	2.33703804016113	9.2968019893614e-242	1.81762511412148e-239	1007	Plasma_C0	B/Plasma	B/Plasma | ref:Plasma_C0	B/Plasma	FALSE	238.740495685282	up	6747
IGKC	7	15	32.6075859069824	8.06711196899414	3.2019952772251e-233	6.08513452124961e-231	1007	Plasma_C0	B/Plasma	B/Plasma | ref:Plasma_C0	B/Plasma	FALSE	230.215729816581	up	3514
SPCS1	7	16	31.225700378418	1.83441662788391	4.77286717275094e-214	8.10671489291747e-212	1007	Plasma_C0	B/Plasma	B/Plasma | ref:Plasma_C0	B/Plasma	FALSE	211.091155100525	up	28972
HERPUD1	7	17	31.1099452972412	2.49119663238525	1.76708026387718e-212	2.96433168216829e-210	1007	Plasma_C0	B/Plasma	B/Plasma | ref:Plasma_C0	B/Plasma	FALSE	209.528073204311	up	9709
XBP1	7	18	30.6432132720947	2.55816960334778	3.25443948268474e-206	5.29596690906829e-204	1007	Plasma_C0	B/Plasma	B/Plasma | ref:Plasma_C0	B/Plasma	FALSE	203.276054737174	up	7494
POU2AF1	7	19	30.1203308105469	4.35456657409668	2.62518356204132e-199	4.14779002802528e-197	1007	Plasma_C0	B/Plasma	B/Plasma | ref:Plasma_C0	B/Plasma	FALSE	196.382183236849	up	5450
IGHA2	7	20	28.9120426177979	7.98164415359497	8.4260066623842e-184	1.23775760571326e-181	1007	Plasma_C0	B/Plasma	B/Plasma | ref:Plasma_C0	B/Plasma	FALSE	180.907364396356	up	3494
PLPP5	7	21	28.684814453125	2.88498330116272	5.90183674374177e-181	8.53129336957055e-179	1007	Plasma_C0	B/Plasma	B/Plasma | ref:Plasma_C0	B/Plasma	FALSE	178.0689851235	up	84513
SPCS2	7	22	28.566442489624	1.86703372001648	1.75534731017732e-179	2.48454783861348e-177	1007	Plasma_C0	B/Plasma	B/Plasma | ref:Plasma_C0	B/Plasma	FALSE	176.604752636735	up	9789
JSRP1	7	23	27.585880279541	7.31551170349121	1.6436713403634e-167	2.14751982431326e-165	1007	Plasma_C0	B/Plasma	B/Plasma | ref:Plasma_C0	B/Plasma	FALSE	164.668062818393	up	126306
ITM2C	7	24	27.4641571044922	2.44293928146362	4.70751078853406e-166	5.95029363670706e-164	1007	Plasma_C0	B/Plasma	B/Plasma | ref:Plasma_C0	B/Plasma	FALSE	163.225461602061	up	81618
UBE2J1	7	25	26.9769706726074	2.43096280097961	2.75385509208224e-160	3.35599847454829e-158	1007	Plasma_C0	B/Plasma	B/Plasma | ref:Plasma_C0	B/Plasma	FALSE	157.47417824525	up	51465
SEC61B	7	26	26.9391651153564	1.50408411026001	7.64137217130079e-160	9.22941911676757e-158	1007	Plasma_C0	B/Plasma	B/Plasma | ref:Plasma_C0	B/Plasma	FALSE	157.034825631837	up	10952
EAF2	7	27	26.8651466369629	3.13468790054321	5.61249381575158e-159	6.7191688077914e-157	1007	Plasma_C0	B/Plasma	B/Plasma | ref:Plasma_C0	B/Plasma	FALSE	156.172684447856	up	55840
FCRL5	7	28	26.8456611633301	5.6656985282898	9.4780721546079e-159	1.12971968804221e-156	1007	Plasma_C0	B/Plasma	B/Plasma | ref:Plasma_C0	B/Plasma	FALSE	155.947029302568	up	83416
SDC1	7	29	26.7333908081055	6.28687524795532	1.92638443901315e-157	2.2761488484618e-155	1007	Plasma_C0	B/Plasma	B/Plasma | ref:Plasma_C0	B/Plasma	FALSE	154.642799340716	up	6382
DNAJB9	7	30	25.8282318115234	2.34073925018311	4.2735893807719e-147	4.79913491784534e-145	1007	Plasma_C0	B/Plasma	B/Plasma | ref:Plasma_C0	B/Plasma	FALSE	144.318837040596	up	4189
GNG11	17	1	20.4468193054199	8.98644828796387	6.41215839903128e-93	1.74256816652074e-88	174	Endothelial_C0	Endothelial/Fibroblast	Endothelial/Fibroblast | ref:Endothelial_C0	Endothelial/Fibroblast	FALSE	87.7588102239819	up	2791
IGFBP7	17	2	20.0192623138428	7.61915397644043	3.7421958743091e-89	5.0848957540112e-85	174	Endothelial_C0	Endothelial/Fibroblast	Endothelial/Fibroblast | ref:Endothelial_C0	Endothelial/Fibroblast	FALSE	84.2937179461673	up	3490
SPARC	17	3	19.6650428771973	8.268479347229	4.29801852783582e-86	3.89343171708221e-82	174	Endothelial_C0	Endothelial/Fibroblast	Endothelial/Fibroblast | ref:Endothelial_C0	Endothelial/Fibroblast	FALSE	81.4096674375479	up	6678
IFI27	17	4	19.570125579834	7.29311084747314	2.77997259174759e-85	1.88871337883331e-81	174	Endothelial_C0	Endothelial/Fibroblast	Endothelial/Fibroblast | ref:Endothelial_C0	Endothelial/Fibroblast	FALSE	80.7238339433146	up	3429
EGFL7	17	5	19.5572471618652	9.26718807220459	3.57880402747148e-85	1.9451515650113e-81	174	Endothelial_C0	Endothelial/Fibroblast	Endothelial/Fibroblast | ref:Endothelial_C0	Endothelial/Fibroblast	FALSE	80.7110465530614	up	51162
SPARCL1	17	6	19.5319538116455	9.95140171051025	5.87477414405241e-85	2.66088103564614e-81	174	Endothelial_C0	Endothelial/Fibroblast	Endothelial/Fibroblast | ref:Endothelial_C0	Endothelial/Fibroblast	FALSE	80.5749745417272	up	8404
IFITM3	17	7	19.4777011871338	4.59023284912109	1.69729534454675e-84	6.58938546905749e-81	174	Endothelial_C0	Endothelial/Fibroblast	Endothelial/Fibroblast | ref:Endothelial_C0	Endothelial/Fibroblast	FALSE	80.1811550861407	up	10410
IGFBP4	17	8	19.194429397583	6.71384811401367	4.11980908790166e-82	1.39949914716019e-78	174	Endothelial_C0	Endothelial/Fibroblast	Endothelial/Fibroblast | ref:Endothelial_C0	Endothelial/Fibroblast	FALSE	77.8540273618521	up	3487
CRIP2	17	9	19.1537303924561	6.61224126815796	9.00966701218901e-82	2.72051900803609e-78	174	Endothelial_C0	Endothelial/Fibroblast	Endothelial/Fibroblast | ref:Endothelial_C0	Endothelial/Fibroblast	FALSE	77.5653482353687	up	1397
HSPG2	17	10	19.029935836792	9.90782356262207	9.6370960660232e-81	2.61897722690246e-77	174	Endothelial_C0	Endothelial/Fibroblast	Endothelial/Fibroblast | ref:Endothelial_C0	Endothelial/Fibroblast	FALSE	76.5818682779297	up	3339
CAVIN1	17	11	18.9329299926758	7.95743942260742	6.10691131683788e-80	1.5087401995126e-76	174	Endothelial_C0	Endothelial/Fibroblast	Endothelial/Fibroblast | ref:Endothelial_C0	Endothelial/Fibroblast	FALSE	75.8213855379792	up	284119
S100A13	17	12	18.7023124694824	7.24130821228027	4.74040129130471e-78	9.90962657634591e-75	174	Endothelial_C0	Endothelial/Fibroblast	Endothelial/Fibroblast | ref:Endothelial_C0	Endothelial/Fibroblast	FALSE	74.0039427106901	up	6284
CD34	17	13	18.673002243042	11.0401964187622	8.21058821339565e-78	1.59379246633743e-74	174	Endothelial_C0	Endothelial/Fibroblast	Endothelial/Fibroblast | ref:Endothelial_C0	Endothelial/Fibroblast	FALSE	73.797568230363	up	947
A2M	17	14	18.6084766387939	6.18264198303223	2.74309621791117e-77	4.96975885453026e-74	174	Endothelial_C0	Endothelial/Fibroblast	Endothelial/Fibroblast | ref:Endothelial_C0	Endothelial/Fibroblast	FALSE	73.3036646838396	up	2
RAMP2	17	15	18.5286960601807	10.4641361236572	1.21189062767272e-76	2.05839623110211e-73	174	Endothelial_C0	Endothelial/Fibroblast	Endothelial/Fibroblast | ref:Endothelial_C0	Endothelial/Fibroblast	FALSE	72.6864710219848	up	10266
VWF	17	16	18.4274387359619	15.1885318756104	7.91419578045201e-76	1.19486769183091e-72	174	Endothelial_C0	Endothelial/Fibroblast	Endothelial/Fibroblast | ref:Endothelial_C0	Endothelial/Fibroblast	FALSE	71.9226801816522	up	7450
ESAM	17	17	18.3824253082275	9.38775444030762	1.81659605033711e-75	2.5983060138927e-72	174	Endothelial_C0	Endothelial/Fibroblast	Endothelial/Fibroblast | ref:Endothelial_C0	Endothelial/Fibroblast	FALSE	71.5853097014853	up	90952
MGP	17	18	18.3237152099609	8.33034515380859	5.35302192202805e-75	7.27368618765172e-72	174	Endothelial_C0	Endothelial/Fibroblast	Endothelial/Fibroblast | ref:Endothelial_C0	Endothelial/Fibroblast	FALSE	71.1382454398652	up	4256
PECAM1	17	19	18.1707286834717	5.00283670425415	8.80224756193266e-74	1.13909466544325e-70	174	Endothelial_C0	Endothelial/Fibroblast	Endothelial/Fibroblast | ref:Endothelial_C0	Endothelial/Fibroblast	FALSE	69.9434401820041	up	5175
APP	17	20	17.9958362579346	5.32788276672363	2.10024612698021e-72	2.59437676121883e-69	174	Endothelial_C0	Endothelial/Fibroblast	Endothelial/Fibroblast | ref:Endothelial_C0	Endothelial/Fibroblast	FALSE	68.5859669544521	up	351
CAV1	17	21	17.9585075378418	7.72804975509644	4.11737164870771e-72	4.86494312718612e-69	174	Endothelial_C0	Endothelial/Fibroblast	Endothelial/Fibroblast | ref:Endothelial_C0	Endothelial/Fibroblast	FALSE	68.3129222324138	up	857
TM4SF1	17	22	17.8195610046387	8.881591796875	4.98258871655357e-71	5.64195129004416e-68	174	Endothelial_C0	Endothelial/Fibroblast	Endothelial/Fibroblast | ref:Endothelial_C0	Endothelial/Fibroblast	FALSE	67.2485706676589	up	4071
SPTBN1	17	23	17.6151599884033	4.62116479873657	1.8845618862852e-69	1.96980207006487e-66	174	Endothelial_C0	Endothelial/Fibroblast	Endothelial/Fibroblast | ref:Endothelial_C0	Endothelial/Fibroblast	FALSE	65.7055774104867	up	6711
BCAM	17	24	17.5975685119629	9.58185291290283	2.57124685883853e-69	2.58800757910356e-66	174	Endothelial_C0	Endothelial/Fibroblast	Endothelial/Fibroblast | ref:Endothelial_C0	Endothelial/Fibroblast	FALSE	65.5870344561494	up	4059
EPAS1	17	25	17.4043922424316	6.52515554428101	7.64128756997697e-68	6.6986977742482e-65	174	Endothelial_C0	Endothelial/Fibroblast	Endothelial/Fibroblast | ref:Endothelial_C0	Endothelial/Fibroblast	FALSE	64.1740096158702	up	2034
GSN	17	26	17.3799934387207	4.95139598846436	1.16965153079713e-67	9.93326562529467e-65	174	Endothelial_C0	Endothelial/Fibroblast	Endothelial/Fibroblast | ref:Endothelial_C0	Endothelial/Fibroblast	FALSE	64.0029079509113	up	2934
ID3	17	27	17.3029155731201	4.67812967300415	4.47179729253308e-67	3.68259282490542e-64	174	Endothelial_C0	Endothelial/Fibroblast	Endothelial/Fibroblast | ref:Endothelial_C0	Endothelial/Fibroblast	FALSE	63.4338462973472	up	3399
CLEC14A	17	28	17.2406349182129	11.5360136032104	1.31582614727148e-66	1.05173209936029e-63	174	Endothelial_C0	Endothelial/Fibroblast	Endothelial/Fibroblast | ref:Endothelial_C0	Endothelial/Fibroblast	FALSE	62.978094871006	up	161198
CDH5	17	29	16.9893264770508	13.6052436828613	9.85140058405775e-65	7.64919035063867e-62	174	Endothelial_C0	Endothelial/Fibroblast	Endothelial/Fibroblast | ref:Endothelial_C0	Endothelial/Fibroblast	FALSE	61.1163845314946	up	1003
RNASE1	17	30	16.9808578491211	4.93823909759521	1.13809069515048e-64	8.59132020316926e-62	174	Endothelial_C0	Endothelial/Fibroblast	Endothelial/Fibroblast | ref:Endothelial_C0	Endothelial/Fibroblast	FALSE	61.0659400942717	up	6035
CALD1	16	1	26.0553359985352	9.8865556716919	1.17050549655221e-149	3.1809657374303e-145	248	VSMC_C3	Endothelial/Fibroblast	Endothelial/Fibroblast | ref:VSMC_C3	Endothelial/Fibroblast	FALSE	144.497441008706	up	800
COL1A2	16	2	25.0157012939453	13.2161684036255	4.12549680442478e-138	5.6057250578524e-134	248	VSMC_C3	Endothelial/Fibroblast	Endothelial/Fibroblast | ref:VSMC_C3	Endothelial/Fibroblast	FALSE	133.251368206752	up	1278
SPARC	16	3	24.8844890594482	9.05052375793457	1.09529896375072e-136	9.92194821296322e-133	248	VSMC_C3	Endothelial/Fibroblast	Endothelial/Fibroblast | ref:VSMC_C3	Endothelial/Fibroblast	FALSE	132.003403044069	up	6678
COL3A1	16	4	24.0304183959961	12.7632522583008	1.33771799351376e-127	9.08845604793248e-124	248	VSMC_C3	Endothelial/Fibroblast	Endothelial/Fibroblast | ref:VSMC_C3	Endothelial/Fibroblast	FALSE	123.041509888705	up	1281
IGFBP7	16	5	24.0190906524658	7.79691982269287	1.75696799175584e-127	9.54947242879133e-124	248	VSMC_C3	Endothelial/Fibroblast	Endothelial/Fibroblast | ref:VSMC_C3	Endothelial/Fibroblast	FALSE	123.020020620834	up	3490
IFITM3	16	6	23.406379699707	4.52608108520508	3.67991464107897e-121	1.66675600476604e-117	248	VSMC_C3	Endothelial/Fibroblast	Endothelial/Fibroblast | ref:VSMC_C3	Endothelial/Fibroblast	FALSE	116.778127971581	up	10410
TPM2	16	7	23.3552722930908	8.44313430786133	1.21822465087999e-120	4.72949615890207e-117	248	VSMC_C3	Endothelial/Fibroblast	Endothelial/Fibroblast | ref:VSMC_C3	Endothelial/Fibroblast	FALSE	116.325185122912	up	7169
COL6A2	16	8	23.3171539306641	7.37026691436768	2.97002639325825e-120	1.00891796578983e-116	248	VSMC_C3	Endothelial/Fibroblast	Endothelial/Fibroblast | ref:VSMC_C3	Endothelial/Fibroblast	FALSE	115.99614414442	up	1292
COL1A1	16	9	23.2706089019775	14.899715423584	8.80001174253217e-120	2.65721243461171e-116	248	VSMC_C3	Endothelial/Fibroblast	Endothelial/Fibroblast | ref:VSMC_C3	Endothelial/Fibroblast	FALSE	115.575573723914	up	1277
TIMP1	16	10	23.0795650482178	4.92560958862305	7.42819551671834e-118	2.01868641362337e-114	248	VSMC_C3	Endothelial/Fibroblast	Endothelial/Fibroblast | ref:VSMC_C3	Endothelial/Fibroblast	FALSE	113.694931139902	up	7076
MYL9	16	11	22.7817440032959	8.46944713592529	6.95657534576818e-115	1.71865355996905e-111	248	VSMC_C3	Endothelial/Fibroblast	Endothelial/Fibroblast | ref:VSMC_C3	Endothelial/Fibroblast	FALSE	110.764811658017	up	10398
CNN3	16	12	22.4670677185059	7.30569887161255	8.71602181522893e-112	1.97388840708884e-108	248	VSMC_C3	Endothelial/Fibroblast	Endothelial/Fibroblast | ref:VSMC_C3	Endothelial/Fibroblast	FALSE	107.70467740362	up	1266
LGALS1	16	13	22.0189399719238	3.43996977806091	1.89648571760342e-107	3.4359263907727e-104	248	VSMC_C3	Endothelial/Fibroblast	Endothelial/Fibroblast | ref:VSMC_C3	Endothelial/Fibroblast	FALSE	103.463956148806	up	3956
MGP	16	14	21.8300113677979	8.46603870391846	1.20391207607468e-105	1.9245596811415e-102	248	VSMC_C3	Endothelial/Fibroblast	Endothelial/Fibroblast | ref:VSMC_C3	Endothelial/Fibroblast	FALSE	101.715668616766	up	4256
IGFBP4	16	15	21.7756843566895	6.41413879394531	3.94539779572038e-105	5.95667391647206e-102	248	VSMC_C3	Endothelial/Fibroblast	Endothelial/Fibroblast | ref:VSMC_C3	Endothelial/Fibroblast	FALSE	101.224996173638	up	3487
TPM1	16	16	21.3877468109131	5.74301242828369	1.73749049159364e-101	2.48516008418677e-98	248	VSMC_C3	Endothelial/Fibroblast	Endothelial/Fibroblast | ref:VSMC_C3	Endothelial/Fibroblast	FALSE	97.6046456304962	up	7168
RARRES2	16	17	21.1757049560547	11.1520462036133	1.59968176835139e-99	2.0701405588913e-96	248	VSMC_C3	Endothelial/Fibroblast	Endothelial/Fibroblast | ref:VSMC_C3	Endothelial/Fibroblast	FALSE	95.6840001657129	up	5919
AEBP1	16	18	20.934513092041	7.84089374542236	2.59699875513753e-97	2.9406682570674e-94	248	VSMC_C3	Endothelial/Fibroblast	Endothelial/Fibroblast | ref:VSMC_C3	Endothelial/Fibroblast	FALSE	93.5315539663979	up	165
SERPINH1	16	19	20.8620586395264	6.17471027374268	1.18462354313347e-96	1.2877331763278e-93	248	VSMC_C3	Endothelial/Fibroblast	Endothelial/Fibroblast | ref:VSMC_C3	Endothelial/Fibroblast	FALSE	92.8901741152783	up	871
BGN	16	20	20.8213901519775	10.6332139968872	2.77036241205929e-96	2.89566803500474e-93	248	VSMC_C3	Endothelial/Fibroblast	Endothelial/Fibroblast | ref:VSMC_C3	Endothelial/Fibroblast	FALSE	92.5382512279822	up	633
DCN	16	21	20.6429214477539	12.9221467971802	1.13020890669933e-94	1.13757619438745e-91	248	VSMC_C3	Endothelial/Fibroblast	Endothelial/Fibroblast | ref:VSMC_C3	Endothelial/Fibroblast	FALSE	90.9440195048302	up	1634
BEX3	16	22	20.6393527984619	4.83260107040405	1.21679353098672e-94	1.18098503564625e-91	248	VSMC_C3	Endothelial/Fibroblast	Endothelial/Fibroblast | ref:VSMC_C3	Endothelial/Fibroblast	FALSE	90.927755605331	up	27018
COL6A1	16	23	20.337381362915	8.86164951324463	6.00529336824599e-92	5.43999508584843e-89	248	VSMC_C3	Endothelial/Fibroblast	Endothelial/Fibroblast | ref:VSMC_C3	Endothelial/Fibroblast	FALSE	88.2644014926161	up	1291
LHFPL6	16	24	20.3265972137451	8.5219144821167	7.48155024409809e-92	6.55866482043902e-89	248	VSMC_C3	Endothelial/Fibroblast	Endothelial/Fibroblast | ref:VSMC_C3	Endothelial/Fibroblast	FALSE	88.1831845630838	up	10186
CAVIN1	16	25	20.2538928985596	6.65755701065063	3.28252283873844e-91	2.78768252079862e-88	248	VSMC_C3	Endothelial/Fibroblast	Endothelial/Fibroblast | ref:VSMC_C3	Endothelial/Fibroblast	FALSE	87.5547566880045	up	284119
SERPING1	16	26	19.9489002227783	5.71079349517822	1.5321933378894e-88	1.18968246144235e-85	248	VSMC_C3	Endothelial/Fibroblast	Endothelial/Fibroblast | ref:VSMC_C3	Endothelial/Fibroblast	FALSE	84.9245689408309	up	710
TAGLN	16	27	19.8725891113281	8.23871994018555	7.02839623870194e-88	5.30565822730455e-85	248	VSMC_C3	Endothelial/Fibroblast	Endothelial/Fibroblast | ref:VSMC_C3	Endothelial/Fibroblast	FALSE	84.2752607292456	up	6876
SELENOM	16	28	19.7845249176025	3.86475348472595	4.0469149522607e-87	2.89418317743781e-84	248	VSMC_C3	Endothelial/Fibroblast	Endothelial/Fibroblast | ref:VSMC_C3	Endothelial/Fibroblast	FALSE	83.5384739851614	up	140606
EFEMP2	16	29	19.6442737579346	7.90737628936768	6.47150894167325e-86	4.50948017945929e-83	248	VSMC_C3	Endothelial/Fibroblast	Endothelial/Fibroblast | ref:VSMC_C3	Endothelial/Fibroblast	FALSE	82.3458735175907	up	30008
GSN	16	30	19.219705581665	4.00514888763428	2.53204359298136e-82	1.67831260202101e-79	248	VSMC_C3	Endothelial/Fibroblast	Endothelial/Fibroblast | ref:VSMC_C3	Endothelial/Fibroblast	FALSE	78.7751271444081	up	2934
CST3	5	1	54.8633270263672	6.15637540817261	0	0	1311	Classical Mono_C1	Myeloid/TAM	Myeloid/TAM | ref:Classical Mono_C1	Myeloid/TAM	FALSE	300	up	1471
S100A8	5	44	38.571216583252	4.86896467208862	0	0	1311	Classical Mono_C1	Myeloid/TAM	Myeloid/TAM | ref:Classical Mono_C1	Myeloid/TAM	FALSE	300	up	6279
FCN1	5	38	39.1775588989258	4.62865924835205	0	0	1311	Classical Mono_C1	Myeloid/TAM	Myeloid/TAM | ref:Classical Mono_C1	Myeloid/TAM	FALSE	300	up	2219
AIF1	5	2	49.2585639953613	4.52651214599609	0	0	1311	Classical Mono_C1	Myeloid/TAM	Myeloid/TAM | ref:Classical Mono_C1	Myeloid/TAM	FALSE	300	up	199
SERPINA1	5	8	45.8683738708496	4.52226305007935	0	0	1311	Classical Mono_C1	Myeloid/TAM	Myeloid/TAM | ref:Classical Mono_C1	Myeloid/TAM	FALSE	300	up	5265
LYZ	5	4	46.7839279174805	4.44715118408203	0	0	1311	Classical Mono_C1	Myeloid/TAM	Myeloid/TAM | ref:Classical Mono_C1	Myeloid/TAM	FALSE	300	up	4069
MS4A6A	5	12	44.751636505127	4.37302494049072	0	0	1311	Classical Mono_C1	Myeloid/TAM	Myeloid/TAM | ref:Classical Mono_C1	Myeloid/TAM	FALSE	300	up	64231
S100A9	5	39	39.1073265075684	4.30494737625122	0	0	1311	Classical Mono_C1	Myeloid/TAM	Myeloid/TAM | ref:Classical Mono_C1	Myeloid/TAM	FALSE	300	up	6280
TYROBP	5	3	46.9558410644531	4.18342542648315	0	0	1311	Classical Mono_C1	Myeloid/TAM	Myeloid/TAM | ref:Classical Mono_C1	Myeloid/TAM	FALSE	300	up	7305
IFI30	5	13	44.6240425109863	4.07291555404663	0	0	1311	Classical Mono_C1	Myeloid/TAM	Myeloid/TAM | ref:Classical Mono_C1	Myeloid/TAM	FALSE	300	up	10437
HLA-DRA	5	9	45.1220359802246	4.03313875198364	0	0	1311	Classical Mono_C1	Myeloid/TAM	Myeloid/TAM | ref:Classical Mono_C1	Myeloid/TAM	FALSE	300	up	3122
LST1	5	6	46.3261299133301	3.99810934066772	0	0	1311	Classical Mono_C1	Myeloid/TAM	Myeloid/TAM | ref:Classical Mono_C1	Myeloid/TAM	FALSE	300	up	7940
CD14	5	42	38.6307220458984	3.84342074394226	0	0	1311	Classical Mono_C1	Myeloid/TAM	Myeloid/TAM | ref:Classical Mono_C1	Myeloid/TAM	FALSE	300	up	929
SPI1	5	18	42.8906021118164	3.74227976799011	0	0	1311	Classical Mono_C1	Myeloid/TAM	Myeloid/TAM | ref:Classical Mono_C1	Myeloid/TAM	FALSE	300	up	6688
IFITM3	5	17	42.972541809082	3.69188976287842	0	0	1311	Classical Mono_C1	Myeloid/TAM	Myeloid/TAM | ref:Classical Mono_C1	Myeloid/TAM	FALSE	300	up	10410
FCER1G	5	16	43.4060974121094	3.66162776947021	0	0	1311	Classical Mono_C1	Myeloid/TAM	Myeloid/TAM | ref:Classical Mono_C1	Myeloid/TAM	FALSE	300	up	2207
HLA-DRB1	5	10	44.9420852661133	3.53840351104736	0	0	1311	Classical Mono_C1	Myeloid/TAM	Myeloid/TAM | ref:Classical Mono_C1	Myeloid/TAM	FALSE	300	up	3123
CYBB	5	33	39.8663635253906	3.50578546524048	0	0	1311	Classical Mono_C1	Myeloid/TAM	Myeloid/TAM | ref:Classical Mono_C1	Myeloid/TAM	FALSE	300	up	1536
CEBPD	5	34	39.7903938293457	3.48485946655273	0	0	1311	Classical Mono_C1	Myeloid/TAM	Myeloid/TAM | ref:Classical Mono_C1	Myeloid/TAM	FALSE	300	up	1052
CD68	5	32	39.9359893798828	3.45180201530457	0	0	1311	Classical Mono_C1	Myeloid/TAM	Myeloid/TAM | ref:Classical Mono_C1	Myeloid/TAM	FALSE	300	up	968
CTSZ	5	26	41.4580268859863	3.38821530342102	0	0	1311	Classical Mono_C1	Myeloid/TAM	Myeloid/TAM | ref:Classical Mono_C1	Myeloid/TAM	FALSE	300	up	1522
GRN	5	22	42.1452484130859	3.36723637580872	0	0	1311	Classical Mono_C1	Myeloid/TAM	Myeloid/TAM | ref:Classical Mono_C1	Myeloid/TAM	FALSE	300	up	2896
NPC2	5	14	44.3903465270996	3.36177206039429	0	0	1311	Classical Mono_C1	Myeloid/TAM	Myeloid/TAM | ref:Classical Mono_C1	Myeloid/TAM	FALSE	300	up	10577
TYMP	5	21	42.1723022460938	3.32737565040588	0	0	1311	Classical Mono_C1	Myeloid/TAM	Myeloid/TAM | ref:Classical Mono_C1	Myeloid/TAM	FALSE	300	up	1890
CTSB	5	27	41.1572227478027	3.29118609428406	0	0	1311	Classical Mono_C1	Myeloid/TAM	Myeloid/TAM | ref:Classical Mono_C1	Myeloid/TAM	FALSE	300	up	1508
FCGRT	5	29	40.3775215148926	3.28198671340942	0	0	1311	Classical Mono_C1	Myeloid/TAM	Myeloid/TAM | ref:Classical Mono_C1	Myeloid/TAM	FALSE	300	up	2217
CD74	5	7	46.1692314147949	3.23528695106506	0	0	1311	Classical Mono_C1	Myeloid/TAM	Myeloid/TAM | ref:Classical Mono_C1	Myeloid/TAM	FALSE	300	up	972
C1orf162	5	23	41.7365684509277	3.18340611457825	0	0	1311	Classical Mono_C1	Myeloid/TAM	Myeloid/TAM | ref:Classical Mono_C1	Myeloid/TAM	FALSE	300	up	128346
TIMP1	5	41	38.7022438049316	3.14670085906982	0	0	1311	Classical Mono_C1	Myeloid/TAM	Myeloid/TAM | ref:Classical Mono_C1	Myeloid/TAM	FALSE	300	up	7076
RNF130	5	45	37.9427871704102	3.12981414794922	0	0	1311	Classical Mono_C1	Myeloid/TAM	Myeloid/TAM | ref:Classical Mono_C1	Myeloid/TAM	FALSE	300	up	55819
TPSAB1	18	1	18.9913444519043	16.7898864746094	2.01111232136016e-80	5.46539884452838e-76	125	Mast	Myeloid/TAM	Myeloid/TAM | ref:Mast	Myeloid/TAM	FALSE	75.262378139358	up	7177
CPA3	18	2	18.6824626922607	15.0261039733887	6.87720211087564e-78	9.34474222825781e-74	125	Mast	Myeloid/TAM	Myeloid/TAM | ref:Mast	Myeloid/TAM	FALSE	73.0294326739951	up	1359
TPSB2	18	3	18.3733692169189	15.4389305114746	2.14663396001591e-75	1.94456414991308e-71	125	Mast	Myeloid/TAM	Myeloid/TAM | ref:Mast	Myeloid/TAM	FALSE	70.7111777251862	up	64499
MS4A2	18	4	17.9105491638184	14.977123260498	9.75685455054295e-72	6.62880698163888e-68	125	Mast	Myeloid/TAM	Myeloid/TAM | ref:Mast	Myeloid/TAM	FALSE	67.1785646266348	up	2206
CLU	18	5	17.3443222045898	8.22470951080322	2.17734021788289e-67	1.18342795522371e-63	125	Mast	Myeloid/TAM	Myeloid/TAM | ref:Mast	Myeloid/TAM	FALSE	62.9268581759277	up	1191
KIT	18	6	17.2665939331055	9.98703956604004	8.39540690979813e-67	3.80255963634457e-63	125	Mast	Myeloid/TAM	Myeloid/TAM | ref:Mast	Myeloid/TAM	FALSE	62.4199239660896	up	3815
VWA5A	18	7	17.0090942382812	7.53284502029419	7.0316661107264e-65	2.72989368893001e-61	125	Mast	Myeloid/TAM	Myeloid/TAM | ref:Mast	Myeloid/TAM	FALSE	60.5638542654904	up	4013
GATA2	18	8	16.9746799468994	11.834023475647	1.26443526967438e-64	4.29528661108388e-61	125	Mast	Myeloid/TAM	Myeloid/TAM | ref:Mast	Myeloid/TAM	FALSE	60.3670078517491	up	2624
HPGDS	18	9	16.793981552124	9.80763244628906	2.70098142822155e-63	8.15576347703876e-60	125	Mast	Myeloid/TAM	Myeloid/TAM | ref:Mast	Myeloid/TAM	FALSE	59.0885353775612	up	27306
BACE2	18	10	16.2492694854736	7.96007585525513	2.26043043033907e-59	6.14294573748944e-56	125	Mast	Myeloid/TAM	Myeloid/TAM | ref:Mast	Myeloid/TAM	FALSE	55.2116233209189	up	25825
SLC18A2	18	11	15.9009466171265	12.912055015564	6.24147188062857e-57	1.54198399843602e-53	125	Mast	Myeloid/TAM	Myeloid/TAM | ref:Mast	Myeloid/TAM	FALSE	52.8119201330471	up	6571
LTC4S	18	12	15.7255344390869	7.35203218460083	1.01093788438359e-55	2.28943732883404e-52	125	Mast	Myeloid/TAM	Myeloid/TAM | ref:Mast	Myeloid/TAM	FALSE	51.6402712403713	up	4056
MALAT1	18	13	15.5533542633057	1.79108202457428	1.50986623926398e-54	3.15631730140291e-51	125	Mast	Myeloid/TAM	Myeloid/TAM | ref:Mast	Myeloid/TAM	FALSE	50.5008193440806	up	378938
HDC	18	14	15.284481048584	14.1472854614258	9.70334605374373e-53	1.883558088261e-49	125	Mast	Myeloid/TAM	Myeloid/TAM | ref:Mast	Myeloid/TAM	FALSE	48.7250209817669	up	3067
CAPG	18	16	15.0525064468384	3.71665477752686	3.32398740478993e-51	5.64579260703569e-48	125	Mast	Myeloid/TAM	Myeloid/TAM | ref:Mast	Myeloid/TAM	FALSE	47.2482750793018	up	822
VIM	18	17	14.7890644073486	2.3887927532196	1.72333493608856e-49	2.75490295430251e-46	125	Mast	Myeloid/TAM	Myeloid/TAM | ref:Mast	Myeloid/TAM	FALSE	45.5598936952344	up	7431
CD9	18	18	14.277515411377	5.36541223526001	3.02182994251016e-46	4.32217107987664e-43	125	Mast	Myeloid/TAM	Myeloid/TAM | ref:Mast	Myeloid/TAM	FALSE	42.3642980468984	up	928
PTGS1	18	19	14.1783380508423	5.99039888381958	1.24766153403826e-45	1.69532249245119e-42	125	Mast	Myeloid/TAM	Myeloid/TAM | ref:Mast	Myeloid/TAM	FALSE	41.7707476760037	up	5742
IL1RL1	18	20	13.8869438171387	11.415771484375	7.60103607731763e-44	9.83646459224685e-41	125	Mast	Myeloid/TAM	Myeloid/TAM | ref:Mast	Myeloid/TAM	FALSE	40.007160967013	up	9173
ALOX5AP	18	21	13.7260799407959	2.97214770317078	7.0864823584466e-43	8.7537383896884e-40	125	Mast	Myeloid/TAM	Myeloid/TAM | ref:Mast	Myeloid/TAM	FALSE	39.0578064366597	up	241
TPSD1	18	22	13.4297904968262	14.3037929534912	4.0455657404801e-41	4.78009976362119e-38	125	Mast	Myeloid/TAM	Myeloid/TAM | ref:Mast	Myeloid/TAM	FALSE	37.3205630393004	up	23430
ACSL4	18	23	13.2403984069824	4.5586314201355	5.12763027453234e-40	5.80618668086212e-37	125	Mast	Myeloid/TAM	Myeloid/TAM | ref:Mast	Myeloid/TAM	FALSE	36.2361090048177	up	2182
SAMSN1	18	24	13.2125759124756	3.02622938156128	7.42401079075127e-40	8.07019668997826e-37	125	Mast	Myeloid/TAM	Myeloid/TAM | ref:Mast	Myeloid/TAM	FALSE	36.0931158803546	up	64092
SRGN	18	25	12.982159614563	2.07182431221008	1.544623260373e-38	1.55469191569987e-35	125	Mast	Myeloid/TAM	Myeloid/TAM | ref:Mast	Myeloid/TAM	FALSE	34.8083556597354	up	5552
LMO4	18	26	12.9253129959106	3.65232872962952	3.23975093359287e-38	3.03598177142482e-35	125	Mast	Myeloid/TAM	Myeloid/TAM | ref:Mast	Myeloid/TAM	FALSE	34.5177008403501	up	8543
HPGD	18	27	12.889931678772	6.21301126480103	5.12890134357311e-38	4.64610076376476e-35	125	Mast	Myeloid/TAM	Myeloid/TAM | ref:Mast	Myeloid/TAM	FALSE	34.3329113755361	up	3248
RHEX	18	28	12.8582773208618	7.80814695358276	7.7279725889808e-38	6.77468977671427e-35	125	Mast	Myeloid/TAM	Myeloid/TAM | ref:Mast	Myeloid/TAM	FALSE	34.1691105869991	up	440712
CD63	18	29	12.8138036727905	2.52254438400269	1.37239223016879e-37	1.16550410147085e-34	125	Mast	Myeloid/TAM	Myeloid/TAM | ref:Mast	Myeloid/TAM	FALSE	33.9334861938354	up	967
MAOB	18	30	12.7950410842896	10.0422830581665	1.74759856391343e-37	1.43917389614883e-34	125	Mast	Myeloid/TAM	Myeloid/TAM | ref:Mast	Myeloid/TAM	FALSE	33.8418867268591	up	4129
CNRIP1	18	31	12.2679452896118	6.43805456161499	1.34625948578691e-34	9.62788099624871e-32	125	Mast	Myeloid/TAM	Myeloid/TAM | ref:Mast	Myeloid/TAM	FALSE	31.0164692863854	up	25927
APOE	4	14	54.9889945983887	7.80296182632446	0	0	1429	TAM_C0	Myeloid/TAM	Myeloid/TAM | ref:TAM_C0	Myeloid/TAM	FALSE	300	up	348
C1QC	4	7	56.7681121826172	7.464599609375	0	0	1429	TAM_C0	Myeloid/TAM	Myeloid/TAM | ref:TAM_C0	Myeloid/TAM	FALSE	300	up	714
C1QB	4	11	55.7489929199219	7.45835161209106	0	0	1429	TAM_C0	Myeloid/TAM	Myeloid/TAM | ref:TAM_C0	Myeloid/TAM	FALSE	300	up	713
APOC1	4	13	55.3936996459961	7.25299549102783	0	0	1429	TAM_C0	Myeloid/TAM	Myeloid/TAM | ref:TAM_C0	Myeloid/TAM	FALSE	300	up	341
C1QA	4	8	56.5827560424805	7.18624973297119	0	0	1429	TAM_C0	Myeloid/TAM	Myeloid/TAM | ref:TAM_C0	Myeloid/TAM	FALSE	300	up	712
SPP1	4	126	39.8969764709473	6.77852773666382	0	0	1429	TAM_C0	Myeloid/TAM	Myeloid/TAM | ref:TAM_C0	Myeloid/TAM	FALSE	300	up	6696
RNASE1	4	24	52.0181083679199	6.53561973571777	0	0	1429	TAM_C0	Myeloid/TAM	Myeloid/TAM | ref:TAM_C0	Myeloid/TAM	FALSE	300	up	6035
GPNMB	4	45	48.7808494567871	6.3324146270752	0	0	1429	TAM_C0	Myeloid/TAM	Myeloid/TAM | ref:TAM_C0	Myeloid/TAM	FALSE	300	up	10457
PLTP	4	40	49.1634750366211	6.09847211837769	0	0	1429	TAM_C0	Myeloid/TAM	Myeloid/TAM | ref:TAM_C0	Myeloid/TAM	FALSE	300	up	5360
TREM2	4	35	50.1373901367188	6.02201557159424	0	0	1429	TAM_C0	Myeloid/TAM	Myeloid/TAM | ref:TAM_C0	Myeloid/TAM	FALSE	300	up	54209
CTSL	4	5	58.387767791748	5.97033643722534	0	0	1429	TAM_C0	Myeloid/TAM	Myeloid/TAM | ref:TAM_C0	Myeloid/TAM	FALSE	300	up	1514
LGMN	4	21	53.1436996459961	5.85109329223633	0	0	1429	TAM_C0	Myeloid/TAM	Myeloid/TAM | ref:TAM_C0	Myeloid/TAM	FALSE	300	up	5641
FN1	4	96	42.4367218017578	5.82258367538452	0	0	1429	TAM_C0	Myeloid/TAM	Myeloid/TAM | ref:TAM_C0	Myeloid/TAM	FALSE	300	up	2335
DAB2	4	18	54.2321929931641	5.80027484893799	0	0	1429	TAM_C0	Myeloid/TAM	Myeloid/TAM | ref:TAM_C0	Myeloid/TAM	FALSE	300	up	1601
CTSB	4	1	60.7546424865723	5.67144441604614	0	0	1429	TAM_C0	Myeloid/TAM	Myeloid/TAM | ref:TAM_C0	Myeloid/TAM	FALSE	300	up	1508
SLCO2B1	4	137	38.9775314331055	5.64600324630737	0	0	1429	TAM_C0	Myeloid/TAM	Myeloid/TAM | ref:TAM_C0	Myeloid/TAM	FALSE	300	up	11309
FOLR2	4	100	41.7645492553711	5.62029600143433	0	0	1429	TAM_C0	Myeloid/TAM	Myeloid/TAM | ref:TAM_C0	Myeloid/TAM	FALSE	300	up	2350
MSR1	4	39	49.2072067260742	5.52934169769287	0	0	1429	TAM_C0	Myeloid/TAM	Myeloid/TAM | ref:TAM_C0	Myeloid/TAM	FALSE	300	up	4481
FAM20C	4	129	39.491283416748	5.49296569824219	0	0	1429	TAM_C0	Myeloid/TAM	Myeloid/TAM | ref:TAM_C0	Myeloid/TAM	FALSE	300	up	56975
VSIG4	4	37	49.6408500671387	5.39979362487793	0	0	1429	TAM_C0	Myeloid/TAM	Myeloid/TAM | ref:TAM_C0	Myeloid/TAM	FALSE	300	up	11326
CD68	4	4	58.6885528564453	5.39142799377441	0	0	1429	TAM_C0	Myeloid/TAM	Myeloid/TAM | ref:TAM_C0	Myeloid/TAM	FALSE	300	up	968
MARCO	4	131	39.2892570495605	5.32790040969849	0	0	1429	TAM_C0	Myeloid/TAM	Myeloid/TAM | ref:TAM_C0	Myeloid/TAM	FALSE	300	up	8685
CD163	4	30	51.2636413574219	5.25642776489258	0	0	1429	TAM_C0	Myeloid/TAM	Myeloid/TAM | ref:TAM_C0	Myeloid/TAM	FALSE	300	up	9332
CST3	4	27	51.4331130981445	5.22699975967407	0	0	1429	TAM_C0	Myeloid/TAM	Myeloid/TAM | ref:TAM_C0	Myeloid/TAM	FALSE	300	up	1471
SIGLEC1	4	76	43.6291618347168	5.22549819946289	0	0	1429	TAM_C0	Myeloid/TAM	Myeloid/TAM | ref:TAM_C0	Myeloid/TAM	FALSE	300	up	6614
CD14	4	17	54.4510078430176	5.21660757064819	0	0	1429	TAM_C0	Myeloid/TAM	Myeloid/TAM | ref:TAM_C0	Myeloid/TAM	FALSE	300	up	929
MAFB	4	20	53.9474716186523	5.11773109436035	0	0	1429	TAM_C0	Myeloid/TAM	Myeloid/TAM | ref:TAM_C0	Myeloid/TAM	FALSE	300	up	9935
STAB1	4	48	48.2331428527832	5.09678268432617	0	0	1429	TAM_C0	Myeloid/TAM	Myeloid/TAM | ref:TAM_C0	Myeloid/TAM	FALSE	300	up	23166
FABP5	4	12	55.4257431030273	5.05056715011597	0	0	1429	TAM_C0	Myeloid/TAM	Myeloid/TAM | ref:TAM_C0	Myeloid/TAM	FALSE	300	up	2171
GLUL	4	6	57.6622543334961	5.0488920211792	0	0	1429	TAM_C0	Myeloid/TAM	Myeloid/TAM | ref:TAM_C0	Myeloid/TAM	FALSE	300	up	2752
PLAUR	10	2	38.8636779785156	5.5966739654541	0	0	730	TAM_C3	Myeloid/TAM	Myeloid/TAM | ref:TAM_C3	Myeloid/TAM	FALSE	300	up	5329
SAT1	10	1	39.1818008422851	3.7986147403717	0	0	730	TAM_C3	Myeloid/TAM	Myeloid/TAM | ref:TAM_C3	Myeloid/TAM	FALSE	300	up	6303
FTH1	10	3	38.3985366821289	3.23561835289001	0	0	730	TAM_C3	Myeloid/TAM	Myeloid/TAM | ref:TAM_C3	Myeloid/TAM	FALSE	300	up	2495
NAMPT	10	4	37.6104011535645	4.18372869491577	1.45336163294502e-309	9.87413893422844e-306	730	TAM_C3	Myeloid/TAM	Myeloid/TAM | ref:TAM_C3	Myeloid/TAM	FALSE	300	up	10135
LYZ	10	5	36.2298622131348	4.89627361297607	2.06267572907425e-287	1.12110551226644e-283	730	TAM_C3	Myeloid/TAM	Myeloid/TAM | ref:TAM_C3	Myeloid/TAM	FALSE	282.950353512081	up	4069
BCL2A1	10	6	35.3906669616699	4.16239929199219	2.37650041933783e-274	1.07639625659875e-270	730	TAM_C3	Myeloid/TAM	Myeloid/TAM | ref:TAM_C3	Myeloid/TAM	FALSE	269.968027821259	up	597
FCER1G	10	7	35.1306190490723	3.85837531089783	2.29813579410167e-270	8.92201976292956e-267	730	TAM_C3	Myeloid/TAM	Myeloid/TAM | ref:TAM_C3	Myeloid/TAM	FALSE	266.049536819099	up	2207
AIF1	10	8	34.4770545959473	4.0150899887085	1.77108320383585e-260	6.01636964343039e-257	730	TAM_C3	Myeloid/TAM	Myeloid/TAM | ref:TAM_C3	Myeloid/TAM	FALSE	256.220665488711	up	199
SOD2	10	9	34.2633171081543	3.9595935344696	2.76269785239529e-257	8.34211964852161e-254	730	TAM_C3	Myeloid/TAM	Myeloid/TAM | ref:TAM_C3	Myeloid/TAM	FALSE	253.07872358549	up	6648
CST3	10	10	33.6708679199219	4.64216184616089	1.54368238945815e-248	4.19511126159147e-245	730	TAM_C3	Myeloid/TAM	Myeloid/TAM | ref:TAM_C3	Myeloid/TAM	FALSE	244.377256516443	up	1471
TIMP1	10	11	33.6436882019043	3.95570158958435	3.85626681890458e-248	9.52708246095916e-245	730	TAM_C3	Myeloid/TAM	Myeloid/TAM | ref:TAM_C3	Myeloid/TAM	FALSE	244.021040075762	up	7076
IL1B	10	12	33.4257850646973	6.89484786987305	5.78824119112541e-245	1.31084368841687e-241	730	TAM_C3	Myeloid/TAM	Myeloid/TAM | ref:TAM_C3	Myeloid/TAM	FALSE	240.882449092677	up	3553
NEAT1	10	13	33.4214324951172	2.94283556938171	6.69488359142225e-245	1.39953966523455e-241	730	TAM_C3	Myeloid/TAM	Myeloid/TAM | ref:TAM_C3	Myeloid/TAM	FALSE	240.85401478841	up	283131
IFI30	10	14	33.312370300293	3.828049659729	2.55642170726458e-243	4.9623797369016e-240	730	TAM_C3	Myeloid/TAM	Myeloid/TAM | ref:TAM_C3	Myeloid/TAM	FALSE	239.304310005213	up	10437
SERPINA1	10	15	33.2411918640137	4.19320249557495	2.73657499551472e-242	4.95794413854054e-239	730	TAM_C3	Myeloid/TAM	Myeloid/TAM | ref:TAM_C3	Myeloid/TAM	FALSE	238.304698370763	up	5265
SPI1	10	16	32.4855995178223	3.51991772651672	1.70319139097853e-231	2.72270172007251e-228	730	TAM_C3	Myeloid/TAM	Myeloid/TAM | ref:TAM_C3	Myeloid/TAM	FALSE	227.564999934283	up	6688
CTSS	10	17	32.4055213928223	3.23701310157776	2.29461395244918e-230	3.46435715398661e-227	730	TAM_C3	Myeloid/TAM	Myeloid/TAM | ref:TAM_C3	Myeloid/TAM	FALSE	226.460377341248	up	1520
LST1	10	18	32.2655868530273	3.83540058135986	2.12688527735192e-228	3.04211759459556e-225	730	TAM_C3	Myeloid/TAM	Myeloid/TAM | ref:TAM_C3	Myeloid/TAM	FALSE	224.516824002085	up	7940
CD83	10	19	32.0252265930176	3.71696853637695	4.85863325883015e-225	6.6019108720984e-222	730	TAM_C3	Myeloid/TAM	Myeloid/TAM | ref:TAM_C3	Myeloid/TAM	FALSE	221.18033034308	up	9308
HLA-DRA	10	20	31.3894100189209	3.60508418083191	2.82243941994078e-216	3.65250541315766e-213	730	TAM_C3	Myeloid/TAM	Myeloid/TAM | ref:TAM_C3	Myeloid/TAM	FALSE	212.437409131752	up	3122
NR4A1	10	21	31.166576385498	3.57520794868469	3.02435383392498e-213	3.73590180867024e-210	730	TAM_C3	Myeloid/TAM	Myeloid/TAM | ref:TAM_C3	Myeloid/TAM	FALSE	209.427604546926	up	3164
TYROBP	10	22	30.9565238952637	3.60439443588257	2.0755945010898e-210	2.45245026789637e-207	730	TAM_C3	Myeloid/TAM	Myeloid/TAM | ref:TAM_C3	Myeloid/TAM	FALSE	206.610399790715	up	7305
HCK	10	23	30.803804397583	3.58802270889282	2.33039093235527e-208	2.63877933240361e-205	730	TAM_C3	Myeloid/TAM	Myeloid/TAM | ref:TAM_C3	Myeloid/TAM	FALSE	204.578596926084	up	3055
PSAP	10	24	30.5890369415283	2.79145455360413	1.71233794735593e-205	1.86137984229379e-202	730	TAM_C3	Myeloid/TAM	Myeloid/TAM | ref:TAM_C3	Myeloid/TAM	FALSE	201.730164993565	up	5660
GABARAP	10	25	30.046070098877	1.66484785079956	2.45733790409206e-198	2.56848518775407e-195	730	TAM_C3	Myeloid/TAM	Myeloid/TAM | ref:TAM_C3	Myeloid/TAM	FALSE	194.590322934474	up	11337
FTL	10	26	30.0203704833984	2.23584151268005	5.32153449763219e-198	5.35622301880194e-195	730	TAM_C3	Myeloid/TAM	Myeloid/TAM | ref:TAM_C3	Myeloid/TAM	FALSE	194.271141348423	up	2512
DUSP1	10	27	29.9981327056885	2.76941514015198	1.03793719846304e-197	1.0073921894797e-194	730	TAM_C3	Myeloid/TAM	Myeloid/TAM | ref:TAM_C3	Myeloid/TAM	FALSE	193.99680142064	up	1843
TYMP	10	28	29.5124740600586	2.80258703231812	1.99160281939387e-191	1.86633786964992e-188	730	TAM_C3	Myeloid/TAM	Myeloid/TAM | ref:TAM_C3	Myeloid/TAM	FALSE	187.729009731628	up	1890
COTL1	10	29	29.1595420837402	2.25624299049377	6.32329401155785e-187	5.7280612686032e-184	730	TAM_C3	Myeloid/TAM	Myeloid/TAM | ref:TAM_C3	Myeloid/TAM	FALSE	183.241992345366	up	23406
ATF3	10	30	29.1393966674805	4.09328985214233	1.13830077134671e-186	9.97885863294135e-184	730	TAM_C3	Myeloid/TAM	Myeloid/TAM | ref:TAM_C3	Myeloid/TAM	FALSE	183.000919129831	up	467
HLA-DRA	12	1	23.4231758117676	4.03589487075806	2.48155832376812e-121	2.24796096689075e-117	383	TAM_C4	Myeloid/TAM	Myeloid/TAM | ref:TAM_C4	Myeloid/TAM	FALSE	116.648211234033	up	3122
CD74	12	2	22.4723968505859	2.99264407157898	7.73032616971497e-112	3.5013223998029e-108	383	TAM_C4	Myeloid/TAM	Myeloid/TAM | ref:TAM_C4	Myeloid/TAM	FALSE	107.455767897801	up	972
HLA-DPB1	12	3	22.2924575805664	3.29152894020081	4.37312106689108e-110	1.69777054448332e-106	383	TAM_C4	Myeloid/TAM	Myeloid/TAM | ref:TAM_C4	Myeloid/TAM	FALSE	105.770121005493	up	3115
FTL	12	4	20.7055912017822	2.85998129844666	3.08426740471515e-95	7.61982281732172e-92	383	TAM_C4	Myeloid/TAM	Myeloid/TAM | ref:TAM_C4	Myeloid/TAM	FALSE	91.1180551271321	up	2512
TMSB4X	12	5	20.0048751831055	1.15808200836182	4.99426116231522e-89	1.04403108728522e-85	383	TAM_C4	Myeloid/TAM	Myeloid/TAM | ref:TAM_C4	Myeloid/TAM	FALSE	84.9812865694991	up	7114
HLA-DPA1	12	6	19.8656387329102	2.9434769153595	8.07183986790297e-88	1.56685943035808e-84	383	TAM_C4	Myeloid/TAM	Myeloid/TAM | ref:TAM_C4	Myeloid/TAM	FALSE	83.804969964194	up	3113
HLA-DQA1	12	7	17.9793167114258	3.39386916160583	2.82959989332413e-72	2.84804469262876e-69	383	TAM_C4	Myeloid/TAM	Myeloid/TAM | ref:TAM_C4	Myeloid/TAM	FALSE	68.5454531998632	up	3117
C1QB	12	8	17.1141834259033	4.53082656860352	1.16334458966499e-65	9.03287216249593e-63	383	TAM_C4	Myeloid/TAM	Myeloid/TAM | ref:TAM_C4	Myeloid/TAM	FALSE	62.0441741360662	up	713
C1QC	12	9	17.0873413085938	4.67923736572266	1.84390348208269e-65	1.36247933942034e-62	383	TAM_C4	Myeloid/TAM	Myeloid/TAM | ref:TAM_C4	Myeloid/TAM	FALSE	61.8656700746247	up	714
C1QA	12	10	17.0506458282471	4.38663816452026	3.4569347155597e-65	2.40886302128335e-62	383	TAM_C4	Myeloid/TAM	Myeloid/TAM | ref:TAM_C4	Myeloid/TAM	FALSE	61.6181878952246	up	712
AIF1	12	11	16.8568782806396	3.06545639038086	9.33930940635409e-64	6.04297791493044e-61	383	TAM_C4	Myeloid/TAM	Myeloid/TAM | ref:TAM_C4	Myeloid/TAM	FALSE	60.2187489929502	up	199
GAPDH	12	12	15.8891487121582	0.997038245201111	7.5343632111208e-57	3.65631883259676e-54	383	TAM_C4	Myeloid/TAM	Myeloid/TAM | ref:TAM_C4	Myeloid/TAM	FALSE	53.4369559406187	up	2597
HLA-DRB1	12	13	15.869068145752	2.54588341712952	1.03769721642335e-56	4.94744904447734e-54	383	TAM_C4	Myeloid/TAM	Myeloid/TAM | ref:TAM_C4	Myeloid/TAM	FALSE	53.3056186700506	up	3123
PPIA	12	14	15.5299091339111	0.786363542079926	2.17688047486774e-54	8.69983879191261e-52	383	TAM_C4	Myeloid/TAM	Myeloid/TAM | ref:TAM_C4	Myeloid/TAM	FALSE	51.0604887947873	up	5478
TMSB10	12	15	14.8160619735718	0.83021068572998	1.15351307056473e-49	4.12471989548253e-47	383	TAM_C4	Myeloid/TAM	Myeloid/TAM | ref:TAM_C4	Myeloid/TAM	FALSE	46.3846055385023	up	9168
TYROBP	12	16	13.9278373718262	2.38047242164612	4.29154420832459e-44	1.16627005405429e-41	383	TAM_C4	Myeloid/TAM	Myeloid/TAM | ref:TAM_C4	Myeloid/TAM	FALSE	40.9332008754725	up	7305
CD68	12	17	13.822283744812	2.9491286277771	1.87039530405393e-43	4.88748680605478e-41	383	TAM_C4	Myeloid/TAM	Myeloid/TAM | ref:TAM_C4	Myeloid/TAM	FALSE	40.310914401988	up	968
FTH1	12	18	13.6524028778076	1.28819584846497	1.95328950365356e-42	4.82569050466264e-40	383	TAM_C4	Myeloid/TAM	Myeloid/TAM | ref:TAM_C4	Myeloid/TAM	FALSE	39.3164405349816	up	2495
HLA-DQB1	12	19	13.5693073272705	2.77408528327942	6.08946920427921e-42	1.47756620620975e-39	383	TAM_C4	Myeloid/TAM	Myeloid/TAM | ref:TAM_C4	Myeloid/TAM	FALSE	38.8304530503131	up	3119
APOC1	12	20	13.3069677352905	4.0274338722229	2.10867667566621e-40	4.47698416702381e-38	383	TAM_C4	Myeloid/TAM	Myeloid/TAM | ref:TAM_C4	Myeloid/TAM	FALSE	37.3490144415081	up	341
OAZ1	12	21	13.1870546340942	0.645327985286713	1.04176659856819e-39	2.12865030696912e-37	383	TAM_C4	Myeloid/TAM	Myeloid/TAM | ref:TAM_C4	Myeloid/TAM	FALSE	36.6718956782646	up	4946
NPC2	12	22	13.0492973327637	2.264573097229	6.41358096062264e-39	1.23613812897788e-36	383	TAM_C4	Myeloid/TAM	Myeloid/TAM | ref:TAM_C4	Myeloid/TAM	FALSE	35.9079329974502	up	10577
SERF2	12	23	12.9393453598022	0.556560099124908	2.69919143498629e-38	4.95629908359374e-36	383	TAM_C4	Myeloid/TAM	Myeloid/TAM | ref:TAM_C4	Myeloid/TAM	FALSE	35.3048424943793	up	10169
APOE	12	24	12.9270353317261	4.0923056602478	3.16799211123645e-38	5.77807742382294e-36	383	TAM_C4	Myeloid/TAM	Myeloid/TAM | ref:TAM_C4	Myeloid/TAM	FALSE	35.2382166430883	up	348
S100A11	12	25	12.701434135437	1.38158512115479	5.80561411357849e-37	9.86083557191307e-35	383	TAM_C4	Myeloid/TAM	Myeloid/TAM | ref:TAM_C4	Myeloid/TAM	FALSE	34.0060862829395	up	6282
TUBA1B	12	26	12.637526512146	1.90808963775635	1.31113819527335e-36	2.1994747897993e-34	383	TAM_C4	Myeloid/TAM	Myeloid/TAM | ref:TAM_C4	Myeloid/TAM	FALSE	33.6576810115065	up	10376
ARPC3	12	27	12.076958656311	0.78091698884964	1.39794660229363e-33	2.01008449015511e-31	383	TAM_C4	Myeloid/TAM	Myeloid/TAM | ref:TAM_C4	Myeloid/TAM	FALSE	30.6967856874367	up	10094
CST3	12	28	11.960277557373	2.4656069278717	5.73698775800245e-33	7.91413092951647e-31	383	TAM_C4	Myeloid/TAM	Myeloid/TAM | ref:TAM_C4	Myeloid/TAM	FALSE	30.101596769145	up	1471
PRDX1	12	29	11.8453607559204	1.91015899181366	2.27436487300199e-32	2.98590047288416e-30	383	TAM_C4	Myeloid/TAM	Myeloid/TAM | ref:TAM_C4	Myeloid/TAM	FALSE	29.5249246724307	up	5052
SPI1	12	30	11.7530422210693	2.35837578773499	6.81213035707361e-32	8.69138284431138e-30	383	TAM_C4	Myeloid/TAM	Myeloid/TAM | ref:TAM_C4	Myeloid/TAM	FALSE	29.0609111195381	up	6688
MAL	0	73	41.4806213378906	4.41776132583618	0	0	2995	CD4_C1	T/NK	T/NK | ref:CD4_C1	T/NK	FALSE	300	up	4118
LEF1	0	61	43.9105339050293	3.71532678604126	0	0	2995	CD4_C1	T/NK	T/NK | ref:CD4_C1	T/NK	FALSE	300	up	51176
LTB	0	1	65.8880996704102	3.52096223831177	0	0	2995	CD4_C1	T/NK	T/NK | ref:CD4_C1	T/NK	FALSE	300	up	4050
IL7R	0	35	52.6984519958496	3.10552453994751	0	0	2995	CD4_C1	T/NK	T/NK | ref:CD4_C1	T/NK	FALSE	300	up	3575
TCF7	0	75	41.316089630127	3.04201531410217	0	0	2995	CD4_C1	T/NK	T/NK | ref:CD4_C1	T/NK	FALSE	300	up	6932
SELL	0	80	38.3041610717773	2.51949691772461	0	0	2995	CD4_C1	T/NK	T/NK | ref:CD4_C1	T/NK	FALSE	300	up	6402
FLT3LG	0	72	41.7453804016113	2.3828399181366	0	0	2995	CD4_C1	T/NK	T/NK | ref:CD4_C1	T/NK	FALSE	300	up	2323
LDHB	0	5	60.7977676391602	2.3802056312561	0	0	2995	CD4_C1	T/NK	T/NK | ref:CD4_C1	T/NK	FALSE	300	up	3945
LINC00861	0	71	41.9616889953613	2.21373152732849	0	0	2995	CD4_C1	T/NK	T/NK | ref:CD4_C1	T/NK	FALSE	300	up	100130231
CD3E	0	81	38.2286605834961	2.03014755249023	0	0	2995	CD4_C1	T/NK	T/NK | ref:CD4_C1	T/NK	FALSE	300	up	916
GIMAP7	0	64	43.7895088195801	1.97173643112183	0	0	2995	CD4_C1	T/NK	T/NK | ref:CD4_C1	T/NK	FALSE	300	up	168537
KLF2	0	67	42.5908622741699	1.94928669929504	0	0	2995	CD4_C1	T/NK	T/NK | ref:CD4_C1	T/NK	FALSE	300	up	10365
FXYD5	0	55	46.7191123962402	1.40995609760284	0	0	2995	CD4_C1	T/NK	T/NK | ref:CD4_C1	T/NK	FALSE	300	up	53827
NOP53	0	77	41.15771484375	1.40862596035004	0	0	2995	CD4_C1	T/NK	T/NK | ref:CD4_C1	T/NK	FALSE	300	up	29997
EEF1G	0	45	49.9760284423828	1.40239095687866	0	0	2995	CD4_C1	T/NK	T/NK | ref:CD4_C1	T/NK	FALSE	300	up	1937
EEF2	0	53	47.6672592163086	1.21393895149231	0	0	2995	CD4_C1	T/NK	T/NK | ref:CD4_C1	T/NK	FALSE	300	up	1938
EEF1A1	0	2	64.5097274780273	1.18517506122589	0	0	2995	CD4_C1	T/NK	T/NK | ref:CD4_C1	T/NK	FALSE	300	up	1915
NPM1	0	79	39.5027923583984	1.14968860149384	0	0	2995	CD4_C1	T/NK	T/NK | ref:CD4_C1	T/NK	FALSE	300	up	4869
EEF1B2	0	59	45.0005531311035	1.10527515411377	0	0	2995	CD4_C1	T/NK	T/NK | ref:CD4_C1	T/NK	FALSE	300	up	1933
PABPC1	0	70	42.0137329101562	1.0718207359314	0	0	2995	CD4_C1	T/NK	T/NK | ref:CD4_C1	T/NK	FALSE	300	up	26986
TPT1	0	14	57.4115600585938	0.987932026386261	0	0	2995	CD4_C1	T/NK	T/NK | ref:CD4_C1	T/NK	FALSE	300	up	7178
RACK1	0	51	48.5671424865723	0.952879667282104	0	0	2995	CD4_C1	T/NK	T/NK | ref:CD4_C1	T/NK	FALSE	300	up	10399
NACA	0	68	42.4883308410645	0.833764612674713	0	0	2995	CD4_C1	T/NK	T/NK | ref:CD4_C1	T/NK	FALSE	300	up	4666
NOSIP	0	82	36.9853019714355	1.97263050079346	1.97308401184292e-299	6.02477878507572e-297	2995	CD4_C1	T/NK	T/NK | ref:CD4_C1	T/NK	FALSE	296.220058894676	up	51070
AQP3	0	84	36.2869110107422	2.80161142349243	2.60286593442035e-288	7.6886396341095e-286	2995	CD4_C1	T/NK	T/NK | ref:CD4_C1	T/NK	FALSE	285.114150493965	up	360
FAU	0	85	35.4871063232422	0.558268427848816	7.7703469018969e-276	2.22280997269421e-273	2995	CD4_C1	T/NK	T/NK | ref:CD4_C1	T/NK	FALSE	272.653097663409	up	2197
SARAF	0	86	35.3339004516602	1.1679493188858	1.77193599144646e-273	5.01605546911968e-271	2995	CD4_C1	T/NK	T/NK | ref:CD4_C1	T/NK	FALSE	270.299637669586	up	51669
EIF3E	0	87	35.1281204223633	1.37985920906067	2.50908660967173e-270	7.0295812066432e-268	2995	CD4_C1	T/NK	T/NK | ref:CD4_C1	T/NK	FALSE	267.153070547677	up	3646
IFITM1	0	92	34.1029624938965	1.59333491325378	6.66686181799517e-255	1.74210227659458e-252	2995	CD4_C1	T/NK	T/NK | ref:CD4_C1	T/NK	FALSE	251.758926351707	up	8519
CCR7	0	93	33.9059066772461	2.68070840835571	5.45176781604879e-252	1.41102135398992e-249	2995	CD4_C1	T/NK	T/NK | ref:CD4_C1	T/NK	FALSE	248.850466413709	up	1236
TNFAIP3	2	1	43.2550277709961	3.08895015716553	0	0	1788	CD4_C2	T/NK	T/NK | ref:CD4_C2	T/NK	FALSE	300	up	7128
JUNB	2	2	43.0639228820801	2.51031589508057	0	0	1788	CD4_C2	T/NK	T/NK | ref:CD4_C2	T/NK	FALSE	300	up	3726
SPOCK2	2	3	38.8036041259766	2.37574100494385	0	0	1788	CD4_C2	T/NK	T/NK | ref:CD4_C2	T/NK	FALSE	300	up	9806
RGS1	2	4	36.9627342224121	3.06234407424927	4.54764684406438e-299	3.08967127054828e-295	1788	CD4_C2	T/NK	T/NK | ref:CD4_C2	T/NK	FALSE	294.510087725424	up	5996
BTG1	2	5	36.896240234375	1.56879138946533	5.30909245162716e-298	2.88559792927004e-294	1788	CD4_C2	T/NK	T/NK | ref:CD4_C2	T/NK	FALSE	293.539764182343	up	694
DNAJB1	2	6	36.5417671203613	2.27852416038513	2.40972958353628e-292	1.09144685270303e-288	1788	CD4_C2	T/NK	T/NK | ref:CD4_C2	T/NK	FALSE	287.961997407128	up	3337
CD3D	2	7	36.4778938293457	2.09492325782776	2.48588071964456e-291	9.65089920529438e-288	1788	CD4_C2	T/NK	T/NK | ref:CD4_C2	T/NK	FALSE	287.015432220158	up	915
ICOS	2	8	35.5895881652832	3.92227458953857	2.03010690075979e-277	6.896273141881e-274	1788	CD4_C2	T/NK	T/NK | ref:CD4_C2	T/NK	FALSE	273.161385545666	up	29851
CD69	2	9	34.5282173156738	2.41126132011414	3.0263913724487e-261	9.13835688196288e-258	1788	CD4_C2	T/NK	T/NK | ref:CD4_C2	T/NK	FALSE	257.039131885365	up	969
CREM	2	10	33.7172622680664	2.59100437164307	3.22896748256197e-249	8.77504203061041e-246	1788	CD4_C2	T/NK	T/NK | ref:CD4_C2	T/NK	FALSE	245.056750794678	up	1390
LTB	2	11	33.6396903991699	2.1825807094574	4.41231617286767e-248	1.09008276648956e-244	1788	CD4_C2	T/NK	T/NK | ref:CD4_C2	T/NK	FALSE	243.96254052622	up	4050
BTG2	2	12	33.5405883789062	1.98065555095673	1.23494480247281e-246	2.79673832933342e-243	1788	CD4_C2	T/NK	T/NK | ref:CD4_C2	T/NK	FALSE	242.553348165535	up	7832
DDIT4	2	13	32.1022071838379	2.17301607131958	4.10705338590236e-226	7.97237734394876e-223	1788	CD4_C2	T/NK	T/NK | ref:CD4_C2	T/NK	FALSE	222.09841215371	up	54541
SARAF	2	14	32.019287109375	1.23766946792603	5.87747235930515e-225	1.06484125890985e-221	1788	CD4_C2	T/NK	T/NK | ref:CD4_C2	T/NK	FALSE	220.972715129801	up	51669
DUSP1	2	15	31.9762706756592	2.05611848831177	2.3312057957023e-224	3.95955304400035e-221	1788	CD4_C2	T/NK	T/NK | ref:CD4_C2	T/NK	FALSE	220.40235383465	up	1843
BIRC3	2	16	31.6733798980713	2.67088937759399	3.61456817408743e-220	5.77820615876471e-217	1788	CD4_C2	T/NK	T/NK | ref:CD4_C2	T/NK	FALSE	216.238206967162	up	330
CD3E	2	17	31.2748222351074	1.94705617427826	1.02665460447051e-214	1.55002030728281e-211	1788	CD4_C2	T/NK	T/NK | ref:CD4_C2	T/NK	FALSE	210.80966261197	up	916
SLC2A3	2	18	31.0675563812256	1.90274512767792	6.60958404020122e-212	9.45379241455307e-209	1788	CD4_C2	T/NK	T/NK | ref:CD4_C2	T/NK	FALSE	208.024393938124	up	6515
EIF1	2	19	30.9174823760986	0.702345550060272	6.95409709046679e-210	9.44922712652627e-207	1788	CD4_C2	T/NK	T/NK | ref:CD4_C2	T/NK	FALSE	206.024603711958	up	10209
HSPA8	2	20	30.6407470703125	1.15810823440552	3.51013831282907e-206	4.54245327568776e-203	1788	CD4_C2	T/NK	T/NK | ref:CD4_C2	T/NK	FALSE	202.342709531211	up	3312
IL7R	2	21	30.0521755218506	2.23688888549805	2.04502134519208e-198	2.52615909440636e-195	1788	CD4_C2	T/NK	T/NK | ref:CD4_C2	T/NK	FALSE	194.597539301585	up	3575
ZNF331	2	22	29.7988128662109	2.46446061134338	4.04739637196834e-195	4.78226277411355e-192	1788	CD4_C2	T/NK	T/NK | ref:CD4_C2	T/NK	FALSE	191.320366564102	up	55422
JUN	2	23	29.3185386657715	2.08376312255859	6.01985738047843e-189	6.81648517382841e-186	1788	CD4_C2	T/NK	T/NK | ref:CD4_C2	T/NK	FALSE	185.166439505563	up	3725
SRSF7	2	24	29.063060760498	1.41159725189209	1.05240176226809e-185	1.14400281165591e-182	1788	CD4_C2	T/NK	T/NK | ref:CD4_C2	T/NK	FALSE	181.941572908161	up	6432
STK17B	2	25	28.8732624053955	1.6269109249115	2.58708190983084e-183	2.70409761467549e-180	1788	CD4_C2	T/NK	T/NK | ref:CD4_C2	T/NK	FALSE	179.567977634938	up	9262
CD2	2	26	28.413782119751	1.64055263996124	1.36636129198853e-177	1.37526794337334e-174	1788	CD4_C2	T/NK	T/NK | ref:CD4_C2	T/NK	FALSE	173.861612680021	up	914
DNAJA1	2	27	28.363452911377	1.58554136753082	5.7126155915426e-177	5.54450147556292e-174	1788	CD4_C2	T/NK	T/NK | ref:CD4_C2	T/NK	FALSE	173.25613749661	up	3301
PBXIP1	2	28	28.1039085388184	2.15859293937683	8.77601637857158e-174	8.22403521048487e-171	1788	CD4_C2	T/NK	T/NK | ref:CD4_C2	T/NK	FALSE	170.084915038951	up	57326
NR4A2	2	29	27.5679302215576	1.99291503429413	2.69820347805002e-167	2.36536702320927e-164	1788	CD4_C2	T/NK	T/NK | ref:CD4_C2	T/NK	FALSE	163.626101462204	up	4929
CXCR4	2	30	27.3952579498291	1.84699380397797	3.12363199316391e-165	2.65274447019445e-162	1788	CD4_C2	T/NK	T/NK | ref:CD4_C2	T/NK	FALSE	161.576304582106	up	7852
CCL5	1	1	64.3177795410156	4.46157932281494	0	0	2779	CD8_C0	T/NK	T/NK | ref:CD8_C0	T/NK	FALSE	300	up	6352
CD8B	1	7	48.943977355957	3.78077960014343	0	0	2779	CD8_C0	T/NK	T/NK | ref:CD8_C0	T/NK	FALSE	300	up	926
GZMK	1	6	49.1462554931641	3.74156761169434	0	0	2779	CD8_C0	T/NK	T/NK | ref:CD8_C0	T/NK	FALSE	300	up	3003
CD8A	1	2	52.1136474609375	3.67156219482422	0	0	2779	CD8_C0	T/NK	T/NK | ref:CD8_C0	T/NK	FALSE	300	up	925
NKG7	1	4	50.3759384155273	3.38084745407104	0	0	2779	CD8_C0	T/NK	T/NK | ref:CD8_C0	T/NK	FALSE	300	up	4818
GZMA	1	5	49.6822547912598	2.91008257865906	0	0	2779	CD8_C0	T/NK	T/NK | ref:CD8_C0	T/NK	FALSE	300	up	3001
GZMH	1	22	38.6399002075195	2.82379245758057	0	0	2779	CD8_C0	T/NK	T/NK | ref:CD8_C0	T/NK	FALSE	300	up	2999
CST7	1	10	47.2788581848145	2.5796799659729	0	0	2779	CD8_C0	T/NK	T/NK | ref:CD8_C0	T/NK	FALSE	300	up	8530
IL32	1	3	50.5238037109375	2.55735301971436	0	0	2779	CD8_C0	T/NK	T/NK | ref:CD8_C0	T/NK	FALSE	300	up	9235
CTSW	1	12	44.6720695495605	2.41765666007996	0	0	2779	CD8_C0	T/NK	T/NK | ref:CD8_C0	T/NK	FALSE	300	up	1521
CD3E	1	8	48.5551376342773	2.32886934280396	0	0	2779	CD8_C0	T/NK	T/NK | ref:CD8_C0	T/NK	FALSE	300	up	916
CD2	1	11	46.0475730895996	2.18279671669006	0	0	2779	CD8_C0	T/NK	T/NK | ref:CD8_C0	T/NK	FALSE	300	up	914
GZMM	1	17	41.1972923278809	2.11814403533936	0	0	2779	CD8_C0	T/NK	T/NK | ref:CD8_C0	T/NK	FALSE	300	up	3004
CD3G	1	20	39.6184883117676	2.01556873321533	0	0	2779	CD8_C0	T/NK	T/NK | ref:CD8_C0	T/NK	FALSE	300	up	917
CD3D	1	19	39.8588485717773	1.93902564048767	0	0	2779	CD8_C0	T/NK	T/NK | ref:CD8_C0	T/NK	FALSE	300	up	915
PTPRCAP	1	9	47.4322509765625	1.91018986701965	0	0	2779	CD8_C0	T/NK	T/NK | ref:CD8_C0	T/NK	FALSE	300	up	5790
HCST	1	23	38.423900604248	1.47045457363129	0	0	2779	CD8_C0	T/NK	T/NK | ref:CD8_C0	T/NK	FALSE	300	up	10870
CD99	1	21	38.7689208984375	1.33293449878693	0	0	2779	CD8_C0	T/NK	T/NK | ref:CD8_C0	T/NK	FALSE	300	up	4267
HLA-A	1	18	40.0326499938965	1.01358199119568	0	0	2779	CD8_C0	T/NK	T/NK | ref:CD8_C0	T/NK	FALSE	300	up	3105
HLA-C	1	15	41.8218536376953	0.983112514019012	0	0	2779	CD8_C0	T/NK	T/NK | ref:CD8_C0	T/NK	FALSE	300	up	3107
HLA-B	1	13	44.2852172851562	0.917363286018372	0	0	2779	CD8_C0	T/NK	T/NK | ref:CD8_C0	T/NK	FALSE	300	up	3106
B2M	1	14	43.5279846191406	0.705013871192932	0	0	2779	CD8_C0	T/NK	T/NK | ref:CD8_C0	T/NK	FALSE	300	up	567
CD52	1	24	37.26416015625	1.52612733840942	6.2498427297797e-304	6.53252791410053e-301	2779	CD8_C0	T/NK	T/NK | ref:CD8_C0	T/NK	FALSE	300	up	1043
CCL4	1	27	35.259449005127	1.98868680000305	2.45810577539879e-272	2.22671608507459e-269	2779	CD8_C0	T/NK	T/NK | ref:CD8_C0	T/NK	FALSE	268.652335153665	up	6351
CXCR3	1	28	35.2555236816406	2.56110978126526	2.82352372987973e-272	2.47522841558747e-269	2779	CD8_C0	T/NK	T/NK | ref:CD8_C0	T/NK	FALSE	268.606384717922	up	2833
PTPRC	1	29	34.5804557800293	1.15378248691559	4.97021351882558e-262	4.22095383086262e-259	2779	CD8_C0	T/NK	T/NK | ref:CD8_C0	T/NK	FALSE	258.374589398168	up	5788
APOBEC3G	1	30	33.96826171875	1.9967679977417	6.55738441595017e-253	5.4001054208443e-250	2779	CD8_C0	T/NK	T/NK | ref:CD8_C0	T/NK	FALSE	249.267597761798	up	60489
GIMAP7	1	32	32.2174758911133	1.52143013477325	1.00474185854438e-227	7.80138992794341e-225	2779	CD8_C0	T/NK	T/NK | ref:CD8_C0	T/NK	FALSE	224.107828014712	up	168537
LCK	1	33	31.5836982727051	1.4446793794632	6.18249485040032e-219	4.66709666817997e-216	2779	CD8_C0	T/NK	T/NK | ref:CD8_C0	T/NK	FALSE	215.33095320361	up	3932
SH3BGRL3	1	34	31.1388683319092	0.931419551372528	7.17635299149164e-213	5.27093429450748e-210	2779	CD8_C0	T/NK	T/NK | ref:CD8_C0	T/NK	FALSE	209.278112397504	up	83442
CCL5	3	5	44.7837944030762	3.8461766242981	0	0	1746	CD8_C1	T/NK	T/NK | ref:CD8_C1	T/NK	FALSE	300	up	6352
CD8A	3	2	46.5347785949707	3.70050764083862	0	0	1746	CD8_C1	T/NK	T/NK | ref:CD8_C1	T/NK	FALSE	300	up	925
DUSP2	3	1	46.549877166748	3.5013427734375	0	0	1746	CD8_C1	T/NK	T/NK | ref:CD8_C1	T/NK	FALSE	300	up	1844
NR4A2	3	3	45.6199722290039	3.38745522499084	0	0	1746	CD8_C1	T/NK	T/NK | ref:CD8_C1	T/NK	FALSE	300	up	4929
TNFAIP3	3	6	43.8091163635254	3.20443081855774	0	0	1746	CD8_C1	T/NK	T/NK | ref:CD8_C1	T/NK	FALSE	300	up	7128
CD69	3	4	44.8970985412598	3.07084631919861	0	0	1746	CD8_C1	T/NK	T/NK | ref:CD8_C1	T/NK	FALSE	300	up	969
CXCR4	3	8	40.9395866394043	2.73912692070007	0	0	1746	CD8_C1	T/NK	T/NK | ref:CD8_C1	T/NK	FALSE	300	up	7852
DNAJB1	3	7	41.5491027832031	2.70456457138062	0	0	1746	CD8_C1	T/NK	T/NK | ref:CD8_C1	T/NK	FALSE	300	up	3337
CD3D	3	9	38.4483795166016	2.20757913589478	0	0	1746	CD8_C1	T/NK	T/NK | ref:CD8_C1	T/NK	FALSE	300	up	915
CCL4	3	10	37.5500259399414	3.0814950466156	1.40745264660231e-308	3.82489331240643e-305	1746	CD8_C1	T/NK	T/NK | ref:CD8_C1	T/NK	FALSE	300	up	6351
ZFP36	3	11	37.0148849487305	1.98054563999176	6.59867447920038e-300	1.63023252653407e-296	1746	CD8_C1	T/NK	T/NK | ref:CD8_C1	T/NK	FALSE	295.787750446033	up	7538
CD8B	3	12	36.7941741943359	2.9562304019928	2.28796905724092e-296	5.18148725830622e-293	1746	CD8_C1	T/NK	T/NK | ref:CD8_C1	T/NK	FALSE	292.285545565473	up	926
CST7	3	13	36.5040283203125	2.40053915977478	9.5714765151333e-292	2.00088035211741e-288	1746	CD8_C1	T/NK	T/NK | ref:CD8_C1	T/NK	FALSE	287.698778880364	up	8530
GZMA	3	14	36.2122535705566	2.58591103553772	3.90517737506436e-287	7.58050716748208e-284	1746	CD8_C1	T/NK	T/NK | ref:CD8_C1	T/NK	FALSE	283.120301737287	up	3001
JUNB	3	15	36.1817245483398	2.10429239273071	1.18015982881632e-286	2.13813490052748e-283	1746	CD8_C1	T/NK	T/NK | ref:CD8_C1	T/NK	FALSE	282.669964897487	up	3726
RGS1	3	16	35.5147972106934	2.93016028404236	2.90526127737681e-276	4.93458627962452e-273	1746	CD8_C1	T/NK	T/NK | ref:CD8_C1	T/NK	FALSE	272.306749253128	up	5996
SRSF7	3	17	35.4891128540039	1.73338449001312	7.23582864730824e-276	1.15671105481911e-272	1746	CD8_C1	T/NK	T/NK | ref:CD8_C1	T/NK	FALSE	271.936775113796	up	6432
CD3E	3	18	34.6481437683105	2.07544875144958	4.76392065224155e-263	7.19246153585091e-260	1746	CD8_C1	T/NK	T/NK | ref:CD8_C1	T/NK	FALSE	259.14312245197	up	916
ZFP36L2	3	19	34.171028137207	1.68775832653046	6.5157848426142e-256	9.3196299412044e-253	1746	CD8_C1	T/NK	T/NK | ref:CD8_C1	T/NK	FALSE	252.030601332033	up	678
BTG1	3	20	33.3274993896484	1.46761310100555	1.54333918905975e-243	2.09708929009439e-240	1746	CD8_C1	T/NK	T/NK | ref:CD8_C1	T/NK	FALSE	239.678383077704	up	694
NKG7	3	21	32.7488899230957	2.62482452392578	3.14885517902745e-235	4.07491849263096e-232	1746	CD8_C1	T/NK	T/NK | ref:CD8_C1	T/NK	FALSE	231.389881073686	up	4818
DUSP1	3	22	32.5884056091309	2.07814979553223	5.98708128758856e-233	7.39567823052304e-230	1746	CD8_C1	T/NK	T/NK | ref:CD8_C1	T/NK	FALSE	229.131021992287	up	1843
ZNF331	3	23	32.1409530639648	2.70808362960815	1.18163613423842e-226	1.39618015582884e-223	1746	CD8_C1	T/NK	T/NK | ref:CD8_C1	T/NK	FALSE	222.855058538995	up	55422
TENT5C	3	24	31.5396957397461	2.6440589427948	2.48264246785865e-218	2.81117882110528e-215	1746	CD8_C1	T/NK	T/NK | ref:CD8_C1	T/NK	FALSE	214.55111152773	up	54855
BTG2	3	25	31.1711082458496	1.87925732135773	2.62560246468894e-213	2.85413490321546e-210	1746	CD8_C1	T/NK	T/NK | ref:CD8_C1	T/NK	FALSE	209.544525503423	up	7832
HLA-A	3	26	31.061185836792	0.950133144855499	8.05772248665031e-212	8.42217947296957e-209	1746	CD8_C1	T/NK	T/NK | ref:CD8_C1	T/NK	FALSE	208.074575508191	up	3105
CD7	3	27	29.6647682189941	1.84013867378235	2.18764793360413e-193	2.20190815717133e-190	1746	CD8_C1	T/NK	T/NK | ref:CD8_C1	T/NK	FALSE	189.657200799654	up	924
B2M	3	28	28.8499774932861	0.579123497009277	5.07021301937657e-183	4.92100389337777e-180	1746	CD8_C1	T/NK	T/NK | ref:CD8_C1	T/NK	FALSE	179.307946291363	up	567
JUN	3	30	28.7119407653809	2.03739047050476	2.70692686502932e-181	2.45211481613456e-178	1746	CD8_C1	T/NK	T/NK | ref:CD8_C1	T/NK	FALSE	177.610459198572	up	3725
GZMK	3	31	28.4733409881592	2.57816028594971	2.50571600413964e-178	2.19662381059674e-175	1746	CD8_C1	T/NK	T/NK | ref:CD8_C1	T/NK	FALSE	174.658244313116	up	3003
CD8B	14	5	25.5391139984131	4.30156373977661	7.25411136687461e-144	3.94275461012369e-140	322	CD8_C3	T/NK	T/NK | ref:CD8_C3	T/NK	FALSE	139.404200251784	up	926
EEF1A1	14	7	25.3736896514893	1.28704845905304	4.92317815445101e-142	1.91131842179087e-138	322	CD8_C3	T/NK	T/NK | ref:CD8_C3	T/NK	FALSE	137.718666954333	up	1915
EEF1B2	14	18	24.3120956420898	1.6631783246994	1.46028175838542e-130	2.20470094810457e-127	322	CD8_C3	T/NK	T/NK | ref:CD8_C3	T/NK	FALSE	126.656650311138	up	1933
LEF1	14	26	23.2274513244629	3.86822390556335	2.4046997871705e-119	2.51346620831328e-116	322	CD8_C3	T/NK	T/NK | ref:CD8_C3	T/NK	FALSE	115.599726949163	up	51176
CCR7	14	34	22.2762718200684	3.65192627906799	6.27710222499101e-110	5.01725088430458e-107	322	CD8_C3	T/NK	T/NK | ref:CD8_C3	T/NK	FALSE	106.299534181822	up	1236
LDHB	14	41	21.516788482666	2.23985362052917	1.08417050403288e-102	7.18619941892622e-100	322	CD8_C3	T/NK	T/NK | ref:CD8_C3	T/NK	FALSE	99.1435007351779	up	3945
EEF1G	14	47	20.6418914794922	1.57122850418091	1.15455891169066e-94	6.53672770502198e-92	322	CD8_C3	T/NK	T/NK | ref:CD8_C3	T/NK	FALSE	91.1846396056979	up	1937
TPT1	14	50	20.2891502380371	0.964290916919708	1.60344230223638e-91	8.54414666775996e-89	322	CD8_C3	T/NK	T/NK | ref:CD8_C3	T/NK	FALSE	88.0683313052064	up	7178
NPM1	14	54	19.8768901824951	1.55549943447113	6.450931384545e-88	3.13054484475705e-85	322	CD8_C3	T/NK	T/NK | ref:CD8_C3	T/NK	FALSE	84.5043800706072	up	4869
LINC02446	14	55	19.7934494018555	4.71954870223999	3.39022431055765e-87	1.61636378708271e-84	322	CD8_C3	T/NK	T/NK | ref:CD8_C3	T/NK	FALSE	83.7914608880279	up	101060038
NACA	14	57	19.7130947113037	1.03477299213409	1.66467181451751e-86	7.66764766632675e-84	322	CD8_C3	T/NK	T/NK | ref:CD8_C3	T/NK	FALSE	83.115337851465	up	4666
PABPC1	14	58	19.4715175628662	1.33070039749146	1.91514322413684e-84	8.67432204319044e-82	322	CD8_C3	T/NK	T/NK | ref:CD8_C3	T/NK	FALSE	81.0617644582555	up	26986
SELL	14	65	18.5047073364258	2.68289399147034	1.89203564487254e-76	7.67432249030687e-74	322	CD8_C3	T/NK	T/NK | ref:CD8_C3	T/NK	FALSE	73.1149599548356	up	6402
CD8A	14	67	18.2667541503906	2.69106531143188	1.52238682245216e-74	5.99599772274781e-72	322	CD8_C3	T/NK	T/NK | ref:CD8_C3	T/NK	FALSE	71.2221385407668	up	925
TCF7	14	70	18.1038131713867	2.84834980964661	2.97351039900539e-73	1.12233498060237e-70	322	CD8_C3	T/NK	T/NK | ref:CD8_C3	T/NK	FALSE	69.9498775009101	up	6932
NOSIP	14	71	18.0491371154785	2.25508666038513	8.01336287397761e-73	2.98316643100295e-70	322	CD8_C3	T/NK	T/NK | ref:CD8_C3	T/NK	FALSE	69.5253225166514	up	51070
EEF2	14	79	17.115966796875	1.22225737571716	1.12825047879243e-65	3.65015892995989e-63	322	CD8_C3	T/NK	T/NK | ref:CD8_C3	T/NK	FALSE	62.4376882257074	up	1938
RACK1	14	80	17.0789813995361	0.943899214267731	2.12802820739053e-65	6.80368171341706e-63	322	CD8_C3	T/NK	T/NK | ref:CD8_C3	T/NK	FALSE	62.1672560115409	up	10399
LTB	14	82	16.2684726715088	2.28746056556702	1.65229021100372e-59	4.98918208602634e-57	322	CD8_C3	T/NK	T/NK | ref:CD8_C3	T/NK	FALSE	56.3019706456873	up	4050
MAL	14	83	16.2452297210693	3.10081458091736	2.41435390064581e-59	7.21016281362094e-57	322	CD8_C3	T/NK	T/NK | ref:CD8_C3	T/NK	FALSE	56.1420549283099	up	4118
NOP53	14	84	16.1843395233154	1.50946354866028	6.50441346607812e-59	1.92134717776238e-56	322	CD8_C3	T/NK	T/NK | ref:CD8_C3	T/NK	FALSE	55.7163941532209	up	29997
EIF3E	14	85	16.017370223999	1.6359099149704	9.66517990249806e-58	2.8243110648418e-55	322	CD8_C3	T/NK	T/NK | ref:CD8_C3	T/NK	FALSE	54.5490874725266	up	3646
PCED1B	14	88	15.6278820037842	2.43444132804871	4.70176470739967e-55	1.30382813967646e-52	322	CD8_C3	T/NK	T/NK | ref:CD8_C3	T/NK	FALSE	51.8847796500988	up	91523
C12orf57	14	90	14.7492065429688	1.52791500091553	3.11304538106171e-49	7.98114351657858e-47	322	CD8_C3	T/NK	T/NK | ref:CD8_C3	T/NK	FALSE	46.0979348796567	up	113246
FLT3LG	14	91	14.4958925247192	2.03180122375488	1.28619291055395e-47	3.23644245714946e-45	322	CD8_C3	T/NK	T/NK | ref:CD8_C3	T/NK	FALSE	44.4899321101862	up	2323
LINC00861	14	93	14.0251798629761	1.86457121372223	1.09335307810717e-44	2.67684353609374e-42	322	CD8_C3	T/NK	T/NK | ref:CD8_C3	T/NK	FALSE	41.5723770129733	up	100130231
IL7R	14	94	14.0208320617676	1.96873450279236	1.1624396803121e-44	2.82057685287158e-42	322	CD8_C3	T/NK	T/NK | ref:CD8_C3	T/NK	FALSE	41.5496620624611	up	3575
ACTN1	14	97	13.8834161758423	2.96916103363037	7.98463308335375e-44	1.88687294498454e-41	322	CD8_C3	T/NK	T/NK | ref:CD8_C3	T/NK	FALSE	40.7242573426278	up	87
EIF3H	14	98	13.7936744689941	1.34189736843109	2.78219800796648e-43	6.46230880893137e-41	322	CD8_C3	T/NK	T/NK | ref:CD8_C3	T/NK	FALSE	40.1896122925563	up	8667
NELL2	14	99	13.6175022125244	3.54079461097717	3.15163950115184e-42	7.25838602400868e-40	322	CD8_C3	T/NK	T/NK | ref:CD8_C3	T/NK	FALSE	39.1391599383621	up	4753
ACTG1	15	1	17.5089340209961	1.41190445423126	1.22467872388125e-68	1.66409345000984e-64	266	DNT	T/NK	T/NK | ref:DNT	T/NK	FALSE	63.7788222888121	up	71
GAPDH	15	2	17.2236309051514	1.42899894714355	1.765568674949e-66	1.59936981034714e-62	266	DNT	T/NK	T/NK | ref:DNT	T/NK	FALSE	61.79605110597	up	2597
ACTB	15	3	15.8419198989868	1.15573489665985	1.59865393755725e-56	1.08612548517639e-52	266	DNT	T/NK	T/NK | ref:DNT	T/NK	FALSE	51.964119995768	up	60
PPIA	15	4	15.6474876403809	1.02869999408722	3.45598029248286e-55	1.87839440857029e-51	266	DNT	T/NK	T/NK | ref:DNT	T/NK	FALSE	50.726213213198	up	5478
PTMA	15	5	15.2046270370483	0.830333948135376	3.29502683815274e-52	1.49242748922732e-48	266	DNT	T/NK	T/NK | ref:DNT	T/NK	FALSE	47.8261067602277	up	5757
TUBB	15	6	14.7337017059326	2.49668049812317	3.9165236257845e-49	1.52050637220457e-45	266	DNT	T/NK	T/NK | ref:DNT	T/NK	FALSE	44.8180117554557	up	203068
CFL1	15	7	14.2575254440308	0.856288433074951	4.02475297477947e-46	1.36720858553259e-42	266	DNT	T/NK	T/NK | ref:DNT	T/NK	FALSE	41.8641652230801	up	1072
HMGB1	15	8	14.1829500198364	1.41307270526886	1.16830218983686e-45	3.52775336788961e-42	266	DNT	T/NK	T/NK | ref:DNT	T/NK	FALSE	41.4525017848522	up	3146
PFN1	15	9	14.1644649505615	1.01701986789703	1.52019539821051e-45	4.13128301417688e-42	266	DNT	T/NK	T/NK | ref:DNT	T/NK	FALSE	41.3839150525942	up	5216
STMN1	15	10	13.7205047607422	4.09660959243774	7.65310481058185e-43	1.89073433029429e-39	266	DNT	T/NK	T/NK | ref:DNT	T/NK	FALSE	38.7233694901887	up	3925
MKI67	15	11	13.6298637390137	6.00894594192505	2.66078289344697e-42	6.02578632602623e-39	266	DNT	T/NK	T/NK | ref:DNT	T/NK	FALSE	38.2199862724424	up	4288
RAC2	15	12	13.3197860717773	1.28308987617493	1.77615470351999e-40	3.71298309406609e-37	266	DNT	T/NK	T/NK | ref:DNT	T/NK	FALSE	36.4302770281965	up	5880
TYMS	15	13	12.7653312683105	5.83299970626831	2.5606021673444e-37	4.9704946071251e-34	266	DNT	T/NK	T/NK | ref:DNT	T/NK	FALSE	33.303600393066	up	7298
HMGN2	15	14	12.7093410491943	1.90459227561951	5.24749775489177e-37	9.50706659912924e-34	266	DNT	T/NK	T/NK | ref:DNT	T/NK	FALSE	33.0219534637493	up	3151
TMSB4X	15	15	12.5699157714844	0.771087110042572	3.09054059794803e-36	4.94050184057858e-33	266	DNT	T/NK	T/NK | ref:DNT	T/NK	FALSE	32.3062289345734	up	7114
PTTG1	15	16	12.3851194381714	3.45071315765381	3.14616246283972e-35	4.75000617167402e-32	266	DNT	T/NK	T/NK | ref:DNT	T/NK	FALSE	31.3233058260968	up	9232
TPX2	15	17	12.3656406402588	5.62150001525879	4.01002407640389e-35	5.7356007526501e-32	266	DNT	T/NK	T/NK | ref:DNT	T/NK	FALSE	31.241421086935	up	22974
NUSAP1	15	18	12.2404546737671	5.34155416488647	1.88971746485099e-34	2.56774809123953e-31	266	DNT	T/NK	T/NK | ref:DNT	T/NK	FALSE	30.5904475849454	up	51203
HMGB2	15	19	12.1796379089355	3.00390553474426	3.99050338595458e-34	5.16409142936674e-31	266	DNT	T/NK	T/NK | ref:DNT	T/NK	FALSE	30.2870060772271	up	3148
ARHGDIB	15	20	11.952202796936	0.835091769695282	6.32271113147604e-33	7.4706955525649e-30	266	DNT	T/NK	T/NK | ref:DNT	T/NK	FALSE	29.1266389616949	up	397
PCLAF	15	21	11.8398084640503	5.56199359893799	2.43006634809915e-32	2.75164512816427e-29	266	DNT	T/NK	T/NK | ref:DNT	T/NK	FALSE	28.5604075765476	up	9768
UBE2C	15	22	11.6916694641113	6.39071989059448	1.40596093262251e-31	1.52833577219797e-28	266	DNT	T/NK	T/NK | ref:DNT	T/NK	FALSE	27.8157812216812	up	11065
CENPF	15	23	11.5966653823853	5.10988092422485	4.28450991294537e-31	4.47830159208474e-28	266	DNT	T/NK	T/NK | ref:DNT	T/NK	FALSE	27.3488866621264	up	1063
CKS1B	15	24	11.4345874786377	3.57865691184998	2.80866940164539e-30	2.72601427353982e-27	266	DNT	T/NK	T/NK | ref:DNT	T/NK	FALSE	26.5644718745089	up	1163
BIRC5	15	25	11.3742685317993	6.19064044952393	5.61718462707691e-30	5.26388308363594e-27	266	DNT	T/NK	T/NK | ref:DNT	T/NK	FALSE	26.2786937654229	up	332
CORO1A	15	26	11.2938280105591	0.924331724643707	1.40769943795016e-29	1.19548874767917e-26	266	DNT	T/NK	T/NK | ref:DNT	T/NK	FALSE	25.9224545072469	up	11151
RRM2	15	28	11.1814393997192	6.30092287063599	5.02679338648304e-29	4.01788638444303e-26	266	DNT	T/NK	T/NK | ref:DNT	T/NK	FALSE	25.396002348152	up	6241
SMC4	15	27	11.183931350708	3.01541805267334	4.88760310749151e-29	4.01788638444303e-26	266	DNT	T/NK	T/NK | ref:DNT	T/NK	FALSE	25.396002348152	up	10051
ZWINT	15	30	11.0526332855225	5.09089183807373	2.12876767756e-28	1.60698306681585e-25	266	DNT	T/NK	T/NK | ref:DNT	T/NK	FALSE	24.7939886994826	up	11130
RAN	15	31	11.0389919281006	1.25865197181702	2.47796938498111e-28	1.82003502719586e-25	266	DNT	T/NK	T/NK | ref:DNT	T/NK	FALSE	24.7399202537888	up	5901
GNLY	9	6	38.710750579834	6.3521523475647	0	0	756	NK_C1	T/NK	T/NK | ref:NK_C1	T/NK	FALSE	300	up	10578
FGFBP2	9	3	41.0770950317383	5.85128736495972	0	0	756	NK_C1	T/NK	T/NK | ref:NK_C1	T/NK	FALSE	300	up	83888
NKG7	9	1	42.8859062194824	5.04032182693481	0	0	756	NK_C1	T/NK	T/NK | ref:NK_C1	T/NK	FALSE	300	up	4818
GZMB	9	4	40.7267570495605	4.97870111465454	0	0	756	NK_C1	T/NK	T/NK | ref:NK_C1	T/NK	FALSE	300	up	3002
PRF1	9	2	41.1951599121094	4.42825269699097	0	0	756	NK_C1	T/NK	T/NK | ref:NK_C1	T/NK	FALSE	300	up	5551
KLRD1	9	7	38.1788597106934	4.42153358459473	0	0	756	NK_C1	T/NK	T/NK | ref:NK_C1	T/NK	FALSE	300	up	3824
CTSW	9	5	39.8153800964355	3.8562388420105	0	0	756	NK_C1	T/NK	T/NK | ref:NK_C1	T/NK	FALSE	300	up	1521
CST7	9	8	38.1288108825684	3.60985231399536	0	0	756	NK_C1	T/NK	T/NK | ref:NK_C1	T/NK	FALSE	300	up	8530
CD247	9	9	37.0387916564941	3.1500289440155	2.72103396786024e-300	8.21631336875205e-297	756	NK_C1	T/NK	T/NK | ref:NK_C1	T/NK	FALSE	296.08532300518	up	919
FCGR3A	9	10	36.8367881774902	3.9792537689209	4.75991356226794e-297	1.29355410968392e-293	756	NK_C1	T/NK	T/NK | ref:NK_C1	T/NK	FALSE	292.888215399923	up	2214
GZMH	9	11	35.512279510498	4.01818037033081	3.17727205471104e-276	7.84959503262065e-273	756	NK_C1	T/NK	T/NK | ref:NK_C1	T/NK	FALSE	272.105152748304	up	2999
SPON2	9	12	34.2398376464844	5.05482959747314	6.17880694022387e-257	1.39929381172937e-253	756	NK_C1	T/NK	T/NK | ref:NK_C1	T/NK	FALSE	252.854091086498	up	10417
KLRF1	9	13	33.3326721191406	5.02965688705444	1.29871950597444e-243	2.71492317648933e-240	756	NK_C1	T/NK	T/NK | ref:NK_C1	T/NK	FALSE	239.566242455025	up	51348
HOPX	9	14	32.9920692443848	3.50765132904053	1.05538364391583e-238	2.04865042193262e-235	756	NK_C1	T/NK	T/NK | ref:NK_C1	T/NK	FALSE	234.688532142515	up	84525
CLIC3	9	15	32.6238784790039	3.72569370269775	1.88114881986129e-233	3.40814002190336e-230	756	NK_C1	T/NK	T/NK | ref:NK_C1	T/NK	FALSE	229.467482570745	up	9022
EFHD2	9	16	32.511791229248	3.01797842979431	7.26574855792029e-232	1.23408739256276e-228	756	NK_C1	T/NK	T/NK | ref:NK_C1	T/NK	FALSE	227.908654084416	up	79180
CX3CR1	9	17	32.2261161804199	4.54306840896606	7.60305792199362e-228	1.21541589463587e-224	756	NK_C1	T/NK	T/NK | ref:NK_C1	T/NK	FALSE	223.915275088453	up	1524
IFITM2	9	18	31.1136856079102	2.02792286872864	1.57279832622917e-212	2.37457596186689e-209	756	NK_C1	T/NK	T/NK | ref:NK_C1	T/NK	FALSE	208.624413932929	up	10581
TRBC1	9	19	30.4578247070312	3.10991740226746	9.43663732834137e-204	1.34973713702634e-200	756	NK_C1	T/NK	T/NK | ref:NK_C1	T/NK	FALSE	199.869750802657	up	28639
GZMA	9	20	29.8400402069092	2.97986006736755	1.18212598588127e-195	1.60627278961547e-192	756	NK_C1	T/NK	T/NK | ref:NK_C1	T/NK	FALSE	191.79418069756	up	3001
S1PR5	9	21	28.854907989502	4.48464107513428	4.39702774088161e-183	5.69017266124756e-180	756	NK_C1	T/NK	T/NK | ref:NK_C1	T/NK	FALSE	179.244874555276	up	53637
LITAF	9	22	28.8212509155273	2.06159567832947	1.16199933447415e-182	1.43538608698498e-179	756	NK_C1	T/NK	T/NK | ref:NK_C1	T/NK	FALSE	178.843031267645	up	9516
KLRB1	9	23	28.1762371063232	3.03071594238281	1.14350102121028e-174	1.2948243230171e-171	756	NK_C1	T/NK	T/NK | ref:NK_C1	T/NK	FALSE	170.887789151057	up	3820
B2M	9	24	27.7418346405029	0.770884692668915	2.18613675967877e-169	2.37641810324121e-166	756	NK_C1	T/NK	T/NK | ref:NK_C1	T/NK	FALSE	165.624077147884	up	567
ADGRG1	9	25	27.6396293640137	4.6042366027832	3.71880213778364e-168	3.88700641909263e-165	756	NK_C1	T/NK	T/NK | ref:NK_C1	T/NK	FALSE	164.410384742164	up	9289
HCST	9	26	26.9718322753906	1.7931569814682	3.16380899605816e-160	3.18443234358802e-157	756	NK_C1	T/NK	T/NK | ref:NK_C1	T/NK	FALSE	156.496967973696	up	10870
RAP1B	9	27	26.8630466461182	1.84696531295776	5.93868004019841e-159	5.763913170444e-156	756	NK_C1	T/NK	T/NK | ref:NK_C1	T/NK	FALSE	155.239282570169	up	5908
TTC38	9	28	26.7008686065674	4.08088159561157	4.59863375279418e-157	4.30939554710119e-154	756	NK_C1	T/NK	T/NK | ref:NK_C1	T/NK	FALSE	153.365583641433	up	55020
MYL12A	9	29	26.6701393127441	1.4214174747467	1.04537829834905e-156	9.46973354531126e-154	756	NK_C1	T/NK	T/NK | ref:NK_C1	T/NK	FALSE	153.023662240789	up	10627
ITGB2	9	30	26.5363025665283	1.80468761920929	3.69615877793436e-155	3.24021970803691e-152	756	NK_C1	T/NK	T/NK | ref:NK_C1	T/NK	FALSE	151.489425540796	up	3689
GNLY	6	5	41.3321800231934	5.40264940261841	0	0	1279	NK_C2	T/NK	T/NK | ref:NK_C2	T/NK	FALSE	300	up	10578
CCL4	6	3	44.7544898986816	4.64674949645996	0	0	1279	NK_C2	T/NK	T/NK | ref:NK_C2	T/NK	FALSE	300	up	6351
NKG7	6	1	49.4045181274414	4.58838033676147	0	0	1279	NK_C2	T/NK	T/NK | ref:NK_C2	T/NK	FALSE	300	up	4818
GZMB	6	4	41.7681159973145	4.26961231231689	0	0	1279	NK_C2	T/NK	T/NK | ref:NK_C2	T/NK	FALSE	300	up	3002
CST7	6	2	46.1094131469727	3.49138164520264	0	0	1279	NK_C2	T/NK	T/NK | ref:NK_C2	T/NK	FALSE	300	up	8530
NR4A2	6	6	40.3291511535645	3.46581411361694	0	0	1279	NK_C2	T/NK	T/NK | ref:NK_C2	T/NK	FALSE	300	up	4929
PRF1	6	7	38.5749626159668	3.17637133598328	0	0	1279	NK_C2	T/NK	T/NK | ref:NK_C2	T/NK	FALSE	300	up	5551
CTSW	6	8	37.8475189208984	2.86570978164673	0	0	1279	NK_C2	T/NK	T/NK | ref:NK_C2	T/NK	FALSE	300	up	1521
CD247	6	9	36.682186126709	2.53218936920166	1.40467467626783e-294	4.24149322247273e-291	1279	NK_C2	T/NK	T/NK | ref:NK_C2	T/NK	FALSE	290.372481222626	up	919
FGFBP2	6	10	35.9196090698242	4.53746891021729	1.50975816515349e-282	4.10291878962112e-279	1279	NK_C2	T/NK	T/NK | ref:NK_C2	T/NK	FALSE	278.386907079077	up	83888
DUSP2	6	11	35.4871826171875	2.98428177833557	7.74930141446931e-276	1.91450013854198e-272	1279	NK_C2	T/NK	T/NK | ref:NK_C2	T/NK	FALSE	271.717944597889	up	1844
KLRD1	6	12	35.3945350646973	3.5693621635437	2.07219858392426e-274	4.69283905972715e-271	1279	NK_C2	T/NK	T/NK | ref:NK_C2	T/NK	FALSE	270.328564339602	up	3824
GZMA	6	13	33.7869453430176	2.78153538703919	3.06704431278767e-250	6.41153817263982e-247	1279	NK_C2	T/NK	T/NK | ref:NK_C2	T/NK	FALSE	246.193037767712	up	3001
GZMH	6	14	32.7627563476562	3.10123538970947	1.99841818168683e-235	3.8792151789658e-232	1279	NK_C2	T/NK	T/NK | ref:NK_C2	T/NK	FALSE	231.41125612954	up	2999
CCL5	6	15	32.4498558044434	3.26247811317444	5.44183150427531e-231	9.85914753067906e-228	1279	NK_C2	T/NK	T/NK | ref:NK_C2	T/NK	FALSE	227.006160634625	up	6352
IFITM2	6	16	29.8962535858154	1.54481828212738	2.20126334966051e-196	3.73884579939838e-193	1279	NK_C2	T/NK	T/NK | ref:NK_C2	T/NK	FALSE	192.427262446012	up	10581
IER2	6	17	29.8481273651123	1.78506433963776	9.2842226356101e-196	1.48416490791377e-192	1279	NK_C2	T/NK	T/NK | ref:NK_C2	T/NK	FALSE	191.828517841228	up	9592
CD69	6	18	29.3872718811035	2.31177520751953	7.98687071165558e-190	1.20583999144418e-186	1279	NK_C2	T/NK	T/NK | ref:NK_C2	T/NK	FALSE	185.918710316941	up	969
LITAF	6	19	28.5914535522461	1.70860195159912	8.58147609929533e-180	1.22742207618131e-176	1279	NK_C2	T/NK	T/NK | ref:NK_C2	T/NK	FALSE	175.911006069843	up	9516
KLRB1	6	20	27.9610443115234	2.5471179485321	4.83935571300524e-172	6.26258718364906e-169	1279	NK_C2	T/NK	T/NK | ref:NK_C2	T/NK	FALSE	168.203246215118	up	3820
HCST	6	21	27.514669418335	1.4578195810318	1.17205958145937e-166	1.44781323571545e-163	1279	NK_C2	T/NK	T/NK | ref:NK_C2	T/NK	FALSE	162.839287457427	up	10870
HOPX	6	22	27.4807434082031	2.58426237106323	2.98285903431557e-166	3.5244424833287e-163	1279	NK_C2	T/NK	T/NK | ref:NK_C2	T/NK	FALSE	162.452909572449	up	84525
CD7	6	23	26.9830226898193	1.98476183414459	2.33849871125779e-160	2.64796004071423e-157	1279	NK_C2	T/NK	T/NK | ref:NK_C2	T/NK	FALSE	156.577088572944	up	924
SRGN	6	24	26.9363136291504	1.38541054725647	8.25216772914228e-160	8.97043640828682e-157	1279	NK_C2	T/NK	T/NK | ref:NK_C2	T/NK	FALSE	156.047186428182	up	5552
CCL4L2	6	25	26.7448616027832	3.10485863685608	1.41698556658109e-157	1.48107691374645e-154	1279	NK_C2	T/NK	T/NK | ref:NK_C2	T/NK	FALSE	153.829422387564	up	9560
FCGR3A	6	26	26.3603858947754	2.5250723361969	3.90198069442402e-153	3.78715097684526e-150	1279	NK_C2	T/NK	T/NK | ref:NK_C2	T/NK	FALSE	149.421687381147	up	2214
TRBC1	6	27	26.270320892334	2.26713252067566	4.18870118029984e-152	3.92524631985616e-149	1279	NK_C2	T/NK	T/NK | ref:NK_C2	T/NK	FALSE	148.406133084907	up	28639
XCL2	6	28	26.225170135498	3.45506501197815	1.37246562569999e-151	1.24327086146743e-148	1279	NK_C2	T/NK	T/NK | ref:NK_C2	T/NK	FALSE	147.905434244789	up	6846
GADD45B	6	29	26.0643997192383	2.14071869850159	9.23943359047895e-150	8.09970475015664e-147	1279	NK_C2	T/NK	T/NK | ref:NK_C2	T/NK	FALSE	146.091530811703	up	4616
DDIT4	6	30	25.9587669372559	2.01248216629028	1.44779527473201e-148	1.22954013706616e-145	1279	NK_C2	T/NK	T/NK | ref:NK_C2	T/NK	FALSE	144.9102572896	up	54541
CTSW	11	1	31.324577331543	3.53161978721619	2.1597313090405e-215	5.86928580544845e-211	544	NK_C3	T/NK	T/NK | ref:NK_C3	T/NK	FALSE	210.231414741959	up	1521
CD7	11	2	30.1926898956299	3.13762474060059	2.95434683430819e-200	4.01436647845797e-196	544	NK_C3	T/NK	T/NK | ref:NK_C3	T/NK	FALSE	195.396382982544	up	924
NKG7	11	3	29.3471755981445	4.07326173782349	2.59622063830267e-189	2.35182973555045e-185	544	NK_C3	T/NK	T/NK | ref:NK_C3	T/NK	FALSE	184.628594122897	up	4818
XCL1	11	4	29.2527961730957	4.59448909759521	4.13720996896585e-188	2.8108204529154e-184	544	NK_C3	T/NK	T/NK | ref:NK_C3	T/NK	FALSE	183.551166894983	up	6375
TRDC	11	5	29.1939830780029	4.7699122428894	2.31210428861237e-187	1.25667492294659e-183	544	NK_C3	T/NK	T/NK | ref:NK_C3	T/NK	FALSE	182.900777051215	up	28526
IL2RB	11	6	28.987003326416	3.56286549568176	9.5951259516804e-185	4.34595238104778e-181	544	NK_C3	T/NK	T/NK | ref:NK_C3	T/NK	FALSE	180.361915036589	up	3560
KLRB1	11	7	28.2248630523682	3.53821110725403	2.89711653451238e-175	1.12474341345583e-171	544	NK_C3	T/NK	T/NK | ref:NK_C3	T/NK	FALSE	170.948946541401	up	3820
XCL2	11	8	27.72434425354	4.20592403411865	3.55319154881362e-169	1.20701916913199e-165	544	NK_C3	T/NK	T/NK | ref:NK_C3	T/NK	FALSE	164.918285832651	up	6846
IFITM2	11	9	27.6519393920898	2.13819026947021	2.64492224300959e-168	7.98648965289208e-165	544	NK_C3	T/NK	T/NK | ref:NK_C3	T/NK	FALSE	164.097644066665	up	10581
KLRD1	11	10	27.6117553710938	3.80900526046753	8.04000860722201e-168	2.18495273909865e-164	544	NK_C3	T/NK	T/NK | ref:NK_C3	T/NK	FALSE	163.660557952456	up	3824
IFITM1	11	11	27.0319423675537	2.32568717002869	6.22825400189049e-161	1.53871846141251e-157	544	NK_C3	T/NK	T/NK | ref:NK_C3	T/NK	FALSE	156.812840835555	up	8519
MATK	11	12	25.9800186157227	3.29426789283752	8.33041790041355e-149	1.88656197384699e-145	544	NK_C3	T/NK	T/NK | ref:NK_C3	T/NK	FALSE	144.724328923589	up	4145
CLIC3	11	13	25.0836849212646	3.41367197036743	7.49416481124371e-139	1.56662633007968e-135	544	NK_C3	T/NK	T/NK | ref:NK_C3	T/NK	FALSE	134.805034578603	up	9022
CMC1	11	14	24.5267734527588	3.43984293937683	7.65450012486964e-133	1.48584782423898e-129	544	NK_C3	T/NK	T/NK | ref:NK_C3	T/NK	FALSE	128.828025667344	up	152100
STK17A	11	15	24.0599174499512	2.20413494110107	6.57322901648252e-128	1.19089381167953e-124	544	NK_C3	T/NK	T/NK | ref:NK_C3	T/NK	FALSE	123.924126961488	up	9263
HCST	11	16	23.1641750335693	1.79558491706848	1.04633613089628e-118	1.77720191832733e-115	544	NK_C3	T/NK	T/NK | ref:NK_C3	T/NK	FALSE	114.75026322665	up	10870
SH2D1B	11	17	22.4891777038574	4.36294794082642	5.29723398127204e-112	8.46809592206171e-109	544	NK_C3	T/NK	T/NK | ref:NK_C3	T/NK	FALSE	108.072214231169	up	117157
TYROBP	11	18	22.0856914520264	3.15560698509216	4.33852377388759e-108	6.55020678217606e-105	544	NK_C3	T/NK	T/NK | ref:NK_C3	T/NK	FALSE	104.183744989636	up	7305
CCL5	11	19	21.9087581634521	3.12396168708801	2.14351423644583e-106	3.0659022573501e-103	544	NK_C3	T/NK	T/NK | ref:NK_C3	T/NK	FALSE	102.513441694808	up	6352
KLRC1	11	20	21.1455898284912	4.26176881790161	3.02978142616565e-99	4.11686700187388e-96	544	NK_C3	T/NK	T/NK | ref:NK_C3	T/NK	FALSE	95.3854331629479	up	3821
GZMA	11	21	20.3269348144531	2.44703960418701	7.43011953727181e-92	9.61528231166185e-89	544	NK_C3	T/NK	T/NK | ref:NK_C3	T/NK	FALSE	88.0170379600374	up	3001
CST7	11	22	19.9762535095215	2.23170566558838	8.86314468984885e-89	1.09484009132424e-85	544	NK_C3	T/NK	T/NK | ref:NK_C3	T/NK	FALSE	84.960649307789	up	8530
PRF1	11	23	19.8122730255127	2.25866532325745	2.33307777984288e-87	2.75668355413087e-84	544	NK_C3	T/NK	T/NK | ref:NK_C3	T/NK	FALSE	83.5596130846677	up	5551
FCER1G	11	24	18.8632774353027	2.35674715042114	2.28599290434966e-79	2.48496572674426e-76	544	NK_C3	T/NK	T/NK | ref:NK_C3	T/NK	FALSE	75.6046795967852	up	2207
CD247	11	25	18.7661037445068	1.87953317165375	1.42997005478293e-78	1.49464870033772e-75	544	NK_C3	T/NK	T/NK | ref:NK_C3	T/NK	FALSE	74.8254608711743	up	919
EVL	11	26	18.1295108795166	1.49286353588104	1.86409687982929e-73	1.87624802986077e-70	544	NK_C3	T/NK	T/NK | ref:NK_C3	T/NK	FALSE	69.7267097507759	up	51466
HOPX	11	27	17.8103656768799	2.42827701568604	5.87239755652024e-71	5.69958128557122e-68	544	NK_C3	T/NK	T/NK | ref:NK_C3	T/NK	FALSE	67.2441570481951	up	84525
APOBEC3G	11	28	17.7290515899658	2.04982352256775	2.50219515594285e-70	2.26665518526343e-67	544	NK_C3	T/NK	T/NK | ref:NK_C3	T/NK	FALSE	66.6446145418617	up	60489
LY6E	11	29	17.2561435699463	1.40878772735596	1.00609901177074e-66	8.81991830447797e-64	544	NK_C3	T/NK	T/NK | ref:NK_C3	T/NK	FALSE	63.0545354375528	up	4061
PTPRCAP	11	30	16.5976047515869	1.463498711586	7.25290118305703e-62	6.15952632971118e-59	544	NK_C3	T/NK	T/NK | ref:NK_C3	T/NK	FALSE	58.2104526839885	up	5790
